Workbook
Name _Ref470001432: FR2_UC!$C$71
Name l_AssessorRating: List_Values!$B$12:$B$16
Name Rating: List_Values!$B$2:$B$5
Name SecurityLevels: 'SL Vector and Rating'!$B$7:$B$11

Sheet Guidance
A1: Overview: This template is designed to be used as a tool in carrying out Step 2 of the Product Security Assessment based on IEC 62443-4-2 . Step 2, Perform security evaluation, is carried out in a workshop with a qualified cyber security assessor (ABB Cyber Security Expert) and the Asset technical owner. The goal is to identify the gaps if the product does not meet the target SLs and present these findings to the product team.
A2: Sheet SL Vector and Rating: This sheet is used to record the SL-T Vector for the assessment of compliance to IEC 62443-4-2. In the simplest case, the product owner has specified one SL-T for the component.
A3: Sheets FR1_IAC, FR2_UC, FR3_SI, FR4_DC, FR5_RDF, FR6_TRE, FR7_RA are used to record the conformance status for each component requirement which is rated according to the following: supported supported with some restrictions/partly needs clarification not supported not applicable (needs strong justification!) In the Comments field it is expected that a statement describing the functionality of the product that provides the conformance along with reference(s). The product documentation references need to include descriptions of the supported functionality and how to configure it. The template can be used for each of the different types of components (SAR, EDR, HDR, NDR); also composite components. All CRs shall be filled in, where Not Applicable a justification shall be given. For the requirements that are specific for component types (SAR, EDR, HDR, NDR), any requirements that do not apply to the component under evaluation, are not filled in (these are left blank).
A4: Sheet Requirements gives the complete list of the Requirements along with the rating. This sheet is protected, data shall not be entered directly in this sheet.
A5: Sheet Summary is used to get a quick overview of the status (SL-C) for the selected SL-T. This sheet is protected, data shall not be entered directly in this sheet. Note that it is possible to filter out requirements that do not apply to the component type of the Component under Evaluation (e.g. if the product is a software application, use filtering to remove the EDR, NDR and HDR requirements from view).
A6: Definitions: SL-T, SL-C, SL-A
A7: SL-T - Security Level Target for a component. This is the target security capability level for the component. SL-C - Security Level Capability for a component. This is a statement of which security fucntionalities are supported, and can be used as a basis for compliance evalution/ certifications. SL-A -Security Level Achieved for a component that is configured and in operation in a plant. This is a statement of which capabilites have been configured (what is actually achieved when the component is put to use). evaluation of the SL-A can be used as a basis for evaluation of security of the component in operation.

Sheet SL Vector and Rating
A1: IEC/ISA 99 62443-4-2 Edition 1
A2: Security for industrial automation and control systems
A3: Part 4-2: Technical security requirements for IACS components
A4: Edition 1.0 | B4: 2019-02
B6: Security Levels | G6: IAC | H6: UC | I6: SI | J6: DC | K6: RDF | L6: TRE | M6: RA
A7: SL 0 | B7: No specific requirement or security protection necessary | C7: 0 | E7: SL-T Vector: | G7: =C16 -> 3 | H7: =C19 -> 3 | I7: =C22 -> 3 | J7: =C25 -> 3 | K7: =C28 -> 3 | L7: =C31 -> 3 | M7: =C34 -> 3
A8: SL 1 | B8: Protection against casual or coincidental violation | C8: 1 | E8: SL-C Vector Rating: | G8: =IF(G7='SL Vector and Rating'!$C$8,FR1_IAC!$F$7,(IF(G7='SL Vector and Rating'!$C$9,FR1_IAC!$G$7, (IF(G7='SL Vector and Rating'!$C$10,FR1_IAC!$H$7, (IF(G7='SL Vector and Rating'!$C$11,FR1_IAC!$I$7,"N/A"))))))) -> 2 | H8: =IF(H7='SL Vector and Rating'!$C$8,FR2_UC!$F$7,(IF(H7='SL Vector and Rating'!$C$9,FR2_UC!$G$7, (IF(H7='SL Vector and Rating'!$C$10,FR2_UC!$H$7, (IF(H7='SL Vector and Rating'!$C$11,FR2_UC!$I$7, "N/A"))))))) -> 2.3333333 | I8: =IF(I7='SL Vector and Rating'!$C$8,FR3_SI!$F$7,(IF(I7='SL Vector and Rating'!$C$9,FR3_SI!$G$7,(IF(I7='SL Vector and Rating'!$C$10,FR3_SI!$H$7, (IF(I7='SL Vector and Rating'!$C$11,FR3_SI!$I$7,"N/A"))))))) -> 2.6153846 | J8: =IF(J7='SL Vector and Rating'!$C$8,FR4_DC!$F$7,(IF(J7='SL Vector and Rating'!$C$9,FR4_DC!$G$7,(IF(J7='SL Vector and Rating'!$C$10,FR4_DC!$H$7, (IF(J7='SL Vector and Rating'!$C$11,FR4_DC!$I$7, "N/A"))))))) -> 2.5 | K8: =IF(K7='SL Vector and Rating'!$C$8,FR5_RDF!$F$7,(IF(K7='SL Vector and Rating'!$C$9,FR5_RDF!$G$7,(IF(K7='SL Vector and Rating'!$C$10,FR5_RDF!$H$7, (IF(K7='SL Vector and Rating'!$C$11,FR5_RDF!$I$7, "N/A"))))))) -> n/a | L8: =IF(L7='SL Vector and Rating'!$C$8,FR6_TRE!$F$7,(IF(L7='SL Vector and Rating'!$C$9,FR6_TRE!$G$7,(IF(L7='SL Vector and Rating'!$C$10,FR6_TRE!$H$7, (IF(L7='SL Vector and Rating'!$C$11,FR6_TRE!$I$7,"N/A"))))))) -> n/a | M8: =IF(M7='SL Vector and Rating'!$C$8,FR7_RA!$F$7,(IF(M7='SL Vector and Rating'!$C$9,FR7_RA!$G$7, (IF(M7='SL Vector and Rating'!$C$10,FR7_RA!$H$7, (IF(M7='SL Vector and Rating'!$C$11,FR7_RA!$I$7,"N/A"))))))) -> 3
A9: SL 2 | B9: Protection against intentional violation using simple means with low resources, generic skills, and low motivation | C9: 2
A10: SL 3 | B10: Protection against intentional violation using sophisticated means with moderate resources, IACS specific skills, and moderate motivation | C10: 3
A11: SL 4 | B11: Protection against intentional violation using sophisticated means with extended resources, IACS specific skills, and high motivation | C11: 4
A14: FR Targets | F14: FR | G14: Foundational requirements
A15: FR 1 - Identification and authentication control (IAC) | F15: IAC | G15: Identification and authentication control
A16: Security level: | B16: Protection against intentional violation using sophisticated means with moderate resources, IACS specific skills, and moderate motivation | C16: =IF(B16='SL Vector and Rating'!$B$7,'SL Vector and Rating'!$C$7,(IF(B16='SL Vector and Rating'!$B$8,'SL Vector and Rating'!$C$8,(IF(B16='SL Vector and Rating'!$B$9,'SL Vector and Rating'!$C$9,IF(B16='SL Vector and Rating'!$B$10,'SL Vector and Rating'!$C$10,(IF(B16='SL Vector and Rating'!$B$11,'SL Vector and Rating'!$C$11,'SL Vector and Rating'!$C$12)))))))) -> 3 | F16: UC | G16: Use control
F17: SI | G17: System integrity
A18: FR 2 - Use control (UC) | F18: DC | G18: Data confidentiality
A19: Security level: | B19: Protection against intentional violation using sophisticated means with moderate resources, IACS specific skills, and moderate motivation | C19: =IF(B19='SL Vector and Rating'!$B$7,'SL Vector and Rating'!$C$7,(IF(B19='SL Vector and Rating'!$B$8,'SL Vector and Rating'!$C$8,(IF(B19='SL Vector and Rating'!$B$9,'SL Vector and Rating'!$C$9,IF(B19='SL Vector and Rating'!$B$10,'SL Vector and Rating'!$C$10,(IF(B19='SL Vector and Rating'!$B$11,'SL Vector and Rating'!$C$11,'SL Vector and Rating'!$C$12)))))))) -> 3 | F19: RDF | G19: Restricted data flow
F20: TRE | G20: Timely response to events
A21: FR 3 - System integrity (SI) | F21: RA | G21: Resource availability
A22: Security level: | B22: Protection against intentional violation using sophisticated means with moderate resources, IACS specific skills, and moderate motivation | C22: =IF(B22='SL Vector and Rating'!$B$7,'SL Vector and Rating'!$C$7,(IF(B22='SL Vector and Rating'!$B$8,'SL Vector and Rating'!$C$8,(IF(B22='SL Vector and Rating'!$B$9,'SL Vector and Rating'!$C$9,IF(B22='SL Vector and Rating'!$B$10,'SL Vector and Rating'!$C$10,(IF(B22='SL Vector and Rating'!$B$11,'SL Vector and Rating'!$C$11,'SL Vector and Rating'!$C$12)))))))) -> 3 | J22: =IF(I22='SL Vector and Rating'!$B$7,'SL Vector and Rating'!$C$7,(IF(I22='SL Vector and Rating'!$B$8,'SL Vector and Rating'!$C$8,(IF(I22='SL Vector and Rating'!$B$9,'SL Vector and Rating'!$C$9,IF(I22='SL Vector and Rating'!$B$10,'SL Vector and Rating'!$C$10,(IF(I22='SL Vector and Rating'!$B$11,'SL Vector and Rating'!$C$11,'SL Vector and Rating'!$C$12))))))))
A24: FR 4 - Data confidentiality (DC)
A25: Security level: | B25: Protection against intentional violation using sophisticated means with moderate resources, IACS specific skills, and moderate motivation | C25: =IF(B25='SL Vector and Rating'!$B$7,'SL Vector and Rating'!$C$7,(IF(B25='SL Vector and Rating'!$B$8,'SL Vector and Rating'!$C$8,(IF(B25='SL Vector and Rating'!$B$9,'SL Vector and Rating'!$C$9,IF(B25='SL Vector and Rating'!$B$10,'SL Vector and Rating'!$C$10,(IF(B25='SL Vector and Rating'!$B$11,'SL Vector and Rating'!$C$11,'SL Vector and Rating'!$C$12)))))))) -> 3
A27: FR 5 - Restricted data flow (RDF)
A28: Security level: | B28: Protection against intentional violation using sophisticated means with moderate resources, IACS specific skills, and moderate motivation | C28: =IF(B28='SL Vector and Rating'!$B$7,'SL Vector and Rating'!$C$7,(IF(B28='SL Vector and Rating'!$B$8,'SL Vector and Rating'!$C$8,(IF(B28='SL Vector and Rating'!$B$9,'SL Vector and Rating'!$C$9,IF(B28='SL Vector and Rating'!$B$10,'SL Vector and Rating'!$C$10,(IF(B28='SL Vector and Rating'!$B$11,'SL Vector and Rating'!$C$11,'SL Vector and Rating'!$C$12)))))))) -> 3
A30: FR 6 - Timely response to events (TRE)
A31: Security level: | B31: Protection against intentional violation using sophisticated means with moderate resources, IACS specific skills, and moderate motivation | C31: =IF(B31='SL Vector and Rating'!$B$7,'SL Vector and Rating'!$C$7,(IF(B31='SL Vector and Rating'!$B$8,'SL Vector and Rating'!$C$8,(IF(B31='SL Vector and Rating'!$B$9,'SL Vector and Rating'!$C$9,IF(B31='SL Vector and Rating'!$B$10,'SL Vector and Rating'!$C$10,(IF(B31='SL Vector and Rating'!$B$11,'SL Vector and Rating'!$C$11,'SL Vector and Rating'!$C$12)))))))) -> 3
A33: FR 7 - Resource availability (RA)
A34: Security level: | B34: Protection against intentional violation using sophisticated means with moderate resources, IACS specific skills, and moderate motivation | C34: =IF(B34='SL Vector and Rating'!$B$7,'SL Vector and Rating'!$C$7,(IF(B34='SL Vector and Rating'!$B$8,'SL Vector and Rating'!$C$8,(IF(B34='SL Vector and Rating'!$B$9,'SL Vector and Rating'!$C$9,IF(B34='SL Vector and Rating'!$B$10,'SL Vector and Rating'!$C$10,(IF(B34='SL Vector and Rating'!$B$11,'SL Vector and Rating'!$C$11,'SL Vector and Rating'!$C$12)))))))) -> 3

Sheet Instructions
A1: Extracts from the IEC 62443 series of standards, including content related to requirements are under IEC copyright. The author thanks the International Electrotechnical Commission (IEC) for permission to reproduce Information from its International Standards. All such extracts are copyright of IEC, Geneva, Switzerland. All rights reserved. Further information on the IEC is available from www.iec.ch. IEC has no responsibility for the placement and context in which the extracts and contents are reproduced by the author, nor is IEC in any way responsible for the other content or accuracy therein.
A3: This workbook is intended as a compliance assessment tool for ABB Secure Development Life Cycle (SDLC) as well as for IEC 62443-4-1:2018. It uses Maturity Level 3.
A5: Assessment Information
B6: In this sheet the metadata about the assessment can be recorded.
A8: References
B9: In this sheet, reference document numbers and links can be listed that support the understanding of the assessment. It can be linked within the "Compliance Assessment" sheet by using the Reference ID, which could look like, e.g., #RID123
A10: Compliance Assessment
B11: This sheet contains all the relevant SDL requirements. Assessors can make comments about their findings and mark whether the requirements are considered fulfilled or not. With that information, compliance (or the compliance gap) can easily be documented by applying the respective filters.
B12: All requirements from IEC 62443 are itemized in the sense that more complex requirements are broken up into different pieces which the MCSR 2.0 project team considered atomic enough for an unambiguous assessment.
B14: In column A (category) all line items are categorized based on IEC 62443-4-1 practices as either SM, SR, SD, SI, SVV, DM, SUM, SG or ABB.
B15: SM => Security management The purpose of the security management practice is to ensure that the security-related activities are adequately planned, documented and executed throughout the product’s life-cycle.
B17: SR => Specification of security requirements The processes specified by this practice are used to document the security capabilities that are required for a product along with the expected product security context.
B19: SD => Secure by design The processes specified by this practice are used to ensure that the product is secure by design including defense in depth.
B21: SI => Secure implementation The processes specified by this practice are used to ensure that the product features are implemented securely.
B23: SVV => Secure verification and validation testing The processes specified by this practice are used to document the security testing required to ensure that all the security requirements have been met for the product and that security of the product is maintained when it is used in its product security context and configured to employ its defense in depth strategy.
B25: DM => Management of security-related issues The processes specified by this practice are used for handling security-related issues of a product that has been configured to employ its defense in depth strategy within the product security context.
B27: SUM => Security update management The processes specified by this practice are used to ensure that security updates associated with the product are tested for regressions and made available to product users in a timely manner.
B29: SG => Security guidelines The processes specified by this practice are used to provide user documentation that describes how to integrate, configure, and maintain the defense in depth strategy of the product in accordance with its product security context.
B31: ABB => ABB specific requirements There are a few minimum cyber security requirements which are ABB specific and which are not included in IEC 62443 and therefore cannot be expressed in IEC 62443 language.
... B61: Columns M (MCSR 1.0 Mapping) contains the MCSR 1.0 for Products item that is equivalent to the IEC 62443-4-1 requirement.
A63: Guideline
B64: Below is a step by step instruction on how to perform a security assessment. Step 1-4 are typically completed by the product development project/organization before shared with the assessor but can also be completed together with assessor.
B66: 1. Decide the scope of assessment: product release or product organization by adding data to "Assessment information" tab.
B67: 2. Select the security level of the assessment; ABB MCSR or ABB MCSR & full IEC 62443-4-1 by applying the filter of J1 cell of column M.
B68: 3. Provide argument/evidence for fulfillment in column F and initial compliance rating in column H. Different arguments are expected depending on the assessmnet scope defined in step #1. For a product release the arguments should focus on product artifacts being created during execution of the processes. As an example this can be the documented threat model for SR-2. If the assessment scope is not an specific product but the product organization, the arguments to be provided are the defined processes covering the specific requirement and optionally also the maturity level: Defined ML-2), Practiced (ML-3, ML-4).
B69: 4. Repeat step #2 for all requirements of the sheet.
B70: 5. Assessor reviews argument/evidence in column and compliance rating provided by the product organization and adds assessor comments in column G.
B71: 6. Assessor approves assessment if not any gaps are identified.

Sheet Requirements
A1: ID | B1: Title | C1: Rating | D1: Source | E1: Foundational requirements | F1: Req ID | G1: BR/RE | H1: System requirements | I1: Requirement description | J1: SL-C | K1: Comments | L1: Standard | M1: Req.1 | N1: Req.2 | O1: References | P1: Req ID Formula | Q1: Comment | R1: Ref. Status
A2: 1 | B2: =CONCATENATE(L2," - ",N2," ",M2) -> IEC 62443-4-2 - 1.1 CR | C2: =FR1_IAC!D11 -> 0 | D2: IEC62443-4-2 | E2: =FR1_IAC!A$7 -> FR 1 - Identification and authentication control (IAC) | F2: 1.01 CR | G2: =IF(ISNUMBER(SEARCH(" ",M2)),CONCATENATE("RE(",RIGHT(N2),")"),"n/a") -> n/a | H2: =FR1_IAC!C9 -> Human user identification and authentication | I2: =FR1_IAC!C10 -> Components shall provide the capability to identify and authenticate all human users according to ISA‑62443‑3‑3 SR 1.1 on all interfaces capable of human user access. This capability shall enforce such identification and authentication on all interfaces that provide human user access to the component to support segregation of duties and least privilege in accordance with applicable security policies and procedures. This capability may be provided locally by the component or by integration into a system level identification and authentication system. Note: Applicable security policies are a local matter. | J2: =FR1_IAC!J11 -> 1 | K2: =FR1_IAC!D10 -> 0 | L2: IEC 62443-4-2 | M2: =FR1_IAC!A9 -> CR | N2: =FR1_IAC!B9 -> 1.1 | O2: No | P2: =IF(ISNUMBER(SEARCH(" ",M2)),CONCATENATE(MID(N2,1,LEN(N2)-2)," ",LEFT(M2,FIND(" ",M2)-1)),CONCATENATE(N2," ",M2)) -> 1.1 CR
A3: 2 | B3: =CONCATENATE(L3," - ",N3," ",M3) -> IEC 62443-4-2 - 1.1.1 CR RE | C3: =FR1_IAC!D14 -> 0 | D3: IEC62443-4-2 | E3: =E2 -> FR 1 - Identification and authentication control (IAC) | F3: 1.01 CR | G3: =IF(ISNUMBER(SEARCH(" ",M3)),CONCATENATE("RE(",RIGHT(N3),")"),"n/a") -> RE(1) | H3: =FR1_IAC!C12 -> Unique identification and authentication | I3: =FR1_IAC!C13 -> Components shall provide the capability to uniquely identify and authenticate all human users | J3: =FR1_IAC!J14 -> 2 | K3: =FR1_IAC!D13 -> 0 | L3: IEC 62443-4-2 | M3: =FR1_IAC!A12 -> CR RE | N3: =FR1_IAC!B12 -> 1.1.1 | O3: No | P3: =IF(ISNUMBER(SEARCH(" ",M3)),CONCATENATE(MID(N3,1,LEN(N3)-2)," ",LEFT(M3,FIND(" ",M3)-1)),CONCATENATE(N3," ",M3)) -> 1.1 CR
A4: 3 | B4: =CONCATENATE(L4," - ",N4," ",M4) -> IEC 62443-4-2 - 1.1.2 CR RE | C4: =FR1_IAC!D17 -> 0 | D4: IEC62443-4-2 | E4: =E3 -> FR 1 - Identification and authentication control (IAC) | F4: 1.01 CR | G4: =IF(ISNUMBER(SEARCH(" ",M4)),CONCATENATE("RE(",RIGHT(N4),")"),"n/a") -> RE(2) | H4: =FR1_IAC!C15 -> Multifactor authentication for all interfaces | I4: =FR1_IAC!C16 -> Components shall provide the capability to employ multifactor authentication for all human user access to the component. | J4: =FR1_IAC!J17 -> 3 | K4: =FR1_IAC!D16 -> 0 | L4: IEC 62443-4-2 | M4: =FR1_IAC!A15 -> CR RE | N4: =FR1_IAC!B15 -> 1.1.2 | O4: No | P4: =IF(ISNUMBER(SEARCH(" ",M4)),CONCATENATE(MID(N4,1,LEN(N4)-2)," ",LEFT(M4,FIND(" ",M4)-1)),CONCATENATE(N4," ",M4)) -> 1.1 CR
A5: 4 | B5: =CONCATENATE(L5," - ",N5," ",M5) -> IEC 62443-4-2 - 1.2 CR | C5: =FR1_IAC!D20 -> 0 | D5: IEC62443-4-2 | E5: =E4 -> FR 1 - Identification and authentication control (IAC) | F5: 1.02 CR | G5: =IF(ISNUMBER(SEARCH(" ",M5)),CONCATENATE("RE(",RIGHT(N5),")"),"n/a") -> n/a | H5: =FR1_IAC!C18 -> Software process and device identification and authentication | I5: =FR1_IAC!C19 -> The component shall provide the capability to identify itself and authenticate to any other component (software application, embedded devices, host devices and network devices), according to ISA‑62443‑3‑3 SR1.2 If the component is running in the context of a human user, in addition, the identification and authentication of the human user according to ISA‑62443‑3‑3 SR1.1 may be part of the component identification and authentication process towards the other components. | J5: =FR1_IAC!J20 -> 2 | K5: =FR1_IAC!D19 -> 0 | L5: IEC 62443-4-2 | M5: =FR1_IAC!A18 -> CR | N5: =FR1_IAC!B18 -> 1.2 | O5: No | P5: =IF(ISNUMBER(SEARCH(" ",M5)),CONCATENATE(MID(N5,1,LEN(N5)-2)," ",LEFT(M5,FIND(" ",M5)-1)),CONCATENATE(N5," ",M5)) -> 1.2 CR
A6: 5 | B6: =CONCATENATE(L6," - ",N6," ",M6) -> IEC 62443-4-2 - 1.2.1 CR RE | C6: =FR1_IAC!D23 -> 0 | D6: IEC62443-4-2 | E6: =E5 -> FR 1 - Identification and authentication control (IAC) | F6: 1.02 CR | G6: =IF(ISNUMBER(SEARCH(" ",M6)),CONCATENATE("RE(",RIGHT(N6),")"),"n/a") -> RE(1) | H6: =FR1_IAC!C21 -> Unique identification and authentication | I6: =FR1_IAC!C22 -> The component shall provide the capability to uniquely identify and authenticate itself to any other component. | J6: =FR1_IAC!J23 -> 3 | K6: =FR1_IAC!D22 -> 0 | L6: IEC 62443-4-2 | M6: =FR1_IAC!A21 -> CR RE | N6: =FR1_IAC!B21 -> 1.2.1 | O6: No | P6: =IF(ISNUMBER(SEARCH(" ",M6)),CONCATENATE(MID(N6,1,LEN(N6)-2)," ",LEFT(M6,FIND(" ",M6)-1)),CONCATENATE(N6," ",M6)) -> 1.2 CR
A7: 6 | B7: =CONCATENATE(L7," - ",N7," ",M7) -> IEC 62443-4-2 - 1.3 CR | C7: =FR1_IAC!D26 -> Supported with some restrictions/partly needs clarifications | D7: IEC62443-4-2 | E7: =E6 -> FR 1 - Identification and authentication control (IAC) | F7: 1.03 CR | G7: =IF(ISNUMBER(SEARCH(" ",M7)),CONCATENATE("RE(",RIGHT(N7),")"),"n/a") -> n/a | H7: =FR1_IAC!C24 -> Account management | I7: =FR1_IAC!C25 -> Components shall provide the capability to support the management of all accounts directly or integrated into a system according to ISA‑62443‑3‑3 SR 1.3 | J7: =FR1_IAC!J26 -> 1 | K7: =FR1_IAC!D25 -> MCSR has a "not" requirement. Improvement would be to write it positive like in 62443: Products should have Account- and Authenticator Management, adding accounts is not an MCSR. Note: -3-3 requirement is "The control system shall provide the capability to support the management of all accounts by authorized users, including adding, activating, modifying, disabling and removing accounts." ABB Acceptance: FAQ: all accounts: also includes debug/maintenance accounts. FAQ: all accounts: also includes single admin account with changeable password. FAQ: if there is no account, then there is nothing to manage | L7: IEC 62443-4-2 | M7: =FR1_IAC!A24 -> CR | N7: =FR1_IAC!B24 -> 1.3 | O7: No | P7: =IF(ISNUMBER(SEARCH(" ",M7)),CONCATENATE(MID(N7,1,LEN(N7)-2)," ",LEFT(M7,FIND(" ",M7)-1)),CONCATENATE(N7," ",M7)) -> 1.3 CR
A8: 7 | B8: =CONCATENATE(L8," - ",N8," ",M8) -> IEC 62443-4-2 - 1.4 CR | C8: =FR1_IAC!D29 -> 0 | D8: IEC62443-4-2 | E8: =E7 -> FR 1 - Identification and authentication control (IAC) | F8: 1.04 CR | G8: =IF(ISNUMBER(SEARCH(" ",M8)),CONCATENATE("RE(",RIGHT(N8),")"),"n/a") -> n/a | H8: =FR1_IAC!C27 -> Identifier management | I8: =FR1_IAC!C28 -> The component shall provide the capability to integrate into a system that supports the management of identifiers and/or provide the capability to support the management of identifiers directly according to ISA‑62443‑3‑3 SR 1.4 | J8: =FR1_IAC!J29 -> 1 | K8: =FR1_IAC!D28 -> 0 | L8: IEC 62443-4-2 | M8: =FR1_IAC!A27 -> CR | N8: =FR1_IAC!B27 -> 1.4 | O8: No | P8: =IF(ISNUMBER(SEARCH(" ",M8)),CONCATENATE(MID(N8,1,LEN(N8)-2)," ",LEFT(M8,FIND(" ",M8)-1)),CONCATENATE(N8," ",M8)) -> 1.4 CR
A9: 8 | B9: =CONCATENATE(L9," - ",N9," ",M9) -> IEC 62443-4-2 - 1.5 CR | C9: =FR1_IAC!D35 -> Supported with some restrictions/partly needs clarifications | D9: IEC62443-4-2 | E9: =E8 -> FR 1 - Identification and authentication control (IAC) | F9: 1.05 CR | G9: =IF(ISNUMBER(SEARCH(" ",M9)),CONCATENATE("RE(",RIGHT(N9),")"),"n/a") -> n/a | H9: =FR1_IAC!C30 -> Authenticator management | I9: =FR1_IAC!C31 -> Components shall provide the capability to: a) support the use of initial authenticator content; | J9: =FR1_IAC!J35 -> 1 | K9: =FR1_IAC!D31 -> This seems to be equivalent to our requirement that all passwords, keys, etc. (authenticators) shall be changeable. | L9: IEC 62443-4-2 | M9: =FR1_IAC!A30 -> CR | N9: =FR1_IAC!B30 -> 1.5 | O9: No | P9: =IF(ISNUMBER(SEARCH(" ",M9)),CONCATENATE(MID(N9,1,LEN(N9)-2)," ",LEFT(M9,FIND(" ",M9)-1)),CONCATENATE(N9," ",M9)) -> 1.5 CR
A10: 9 | B10: =CONCATENATE(L10," - ",N10," ",M10) -> IEC 62443-4-2 - 1.5.1 CR RE | C10: =FR1_IAC!D38 -> 0 | D10: IEC62443-4-2 | E10: =E9 -> FR 1 - Identification and authentication control (IAC) | F10: 1.05 CR | G10: =IF(ISNUMBER(SEARCH(" ",M10)),CONCATENATE("RE(",RIGHT(N10),")"),"n/a") -> RE(1) | H10: =FR1_IAC!C36 -> Hardware security for authenticators | I10: =FR1_IAC!C37 -> The authenticators on which the component rely shall be protected via hardware mechanisms. Note: Examples of hardware authentication include: Password protected memory, OTP memory, hardware data integrity checks, and device security boot mechanism. | J10: =FR1_IAC!J38 -> 3 | K10: =FR1_IAC!D37 -> 0 | L10: IEC 62443-4-2 | M10: =FR1_IAC!A36 -> CR RE | N10: =FR1_IAC!B36 -> 1.5.1 | O10: No | P10: =IF(ISNUMBER(SEARCH(" ",M10)),CONCATENATE(MID(N10,1,LEN(N10)-2)," ",LEFT(M10,FIND(" ",M10)-1)),CONCATENATE(N10," ",M10)) -> 1.5 CR
A11: 10 | B11: =CONCATENATE(L11," - ",N11," ",M11) -> IEC 62443-4-2 - 1.6 NDR | C11: =FR1_IAC!D41 -> 0 | D11: IEC62443-4-2 | E11: =E10 -> FR 1 - Identification and authentication control (IAC) | F11: 1.06 NDR | G11: =IF(ISNUMBER(SEARCH(" ",M11)),CONCATENATE("RE(",RIGHT(N11),")"),"n/a") -> n/a | H11: =FR1_IAC!C39 -> Wireless access management | I11: =FR1_IAC!C40 -> A network device supporting wireless access management shall provide the capability to identify and authenticate all users (humans, software processes or devices) engaged in wireless communication. | J11: =FR1_IAC!J41 -> 1 | K11: =FR1_IAC!D40 -> MCSR MP-15 is focusing on application layer protocols, while wireless protocols typically act on lower layers (e.g. 802.11 on layer 2 and 1). | L11: IEC 62443-4-2 | M11: =FR1_IAC!A39 -> NDR | N11: =FR1_IAC!B39 -> 1.6 | O11: No | P11: =IF(ISNUMBER(SEARCH(" ",M11)),CONCATENATE(MID(N11,1,LEN(N11)-2)," ",LEFT(M11,FIND(" ",M11)-1)),CONCATENATE(N11," ",M11)) -> 1.6 NDR
A12: 11 | B12: =CONCATENATE(L12," - ",N12," ",M12) -> IEC 62443-4-2 - 1.6.1 NDR RE | C12: =FR1_IAC!D44 -> 0 | D12: IEC62443-4-2 | E12: =E11 -> FR 1 - Identification and authentication control (IAC) | F12: 1.06 NDR | G12: =IF(ISNUMBER(SEARCH(" ",M12)),CONCATENATE("RE(",RIGHT(N12),")"),"n/a") -> RE(1) | H12: =FR1_IAC!C42 -> Unique identification and authentication | I12: =FR1_IAC!C43 -> The network device shall provide the capability to uniquely identify and authenticate all users (humans, software processes or devices) engaged in wireless communication. | J12: =FR1_IAC!J44 -> 2 | K12: =FR1_IAC!D43 -> MCSR MP-15 is focusing on application layer protocols, while wireless protocols typically act on lower layers (e.g. 802.11 on layer 2 and 1). | L12: IEC 62443-4-2 | M12: =FR1_IAC!A42 -> NDR RE | N12: =FR1_IAC!B42 -> 1.6.1 | O12: No | P12: =IF(ISNUMBER(SEARCH(" ",M12)),CONCATENATE(MID(N12,1,LEN(N12)-2)," ",LEFT(M12,FIND(" ",M12)-1)),CONCATENATE(N12," ",M12)) -> 1.6 NDR
A13: 12 | B13: =CONCATENATE(L13," - ",N13," ",M13) -> IEC 62443-4-2 - 1.7 CR | C13: =FR1_IAC!D47 -> 0 | D13: IEC62443-4-2 | E13: =E12 -> FR 1 - Identification and authentication control (IAC) | F13: 1.07 CR | G13: =IF(ISNUMBER(SEARCH(" ",M13)),CONCATENATE("RE(",RIGHT(N13),")"),"n/a") -> n/a | H13: =FR1_IAC!C45 -> Strength of password-based authentication | I13: =FR1_IAC!C46 -> For components that utilize password-based authentication, those component shall provide or integrate into a system that provides the capability to enforce configurable password strength based on internationally recognized and proven password guidelines. | J13: =FR1_IAC!J47 -> 1 | K13: =FR1_IAC!D46 -> 0 | L13: IEC 62443-4-2 | M13: =FR1_IAC!A45 -> CR | N13: =FR1_IAC!B45 -> 1.7 | O13: No | P13: =IF(ISNUMBER(SEARCH(" ",M13)),CONCATENATE(MID(N13,1,LEN(N13)-2)," ",LEFT(M13,FIND(" ",M13)-1)),CONCATENATE(N13," ",M13)) -> 1.7 CR
A14: 13 | B14: =CONCATENATE(L14," - ",N14," ",M14) -> IEC 62443-4-2 - 1.7.1 CR RE | C14: =FR1_IAC!D50 -> 0 | D14: IEC62443-4-2 | E14: =E13 -> FR 1 - Identification and authentication control (IAC) | F14: 1.07 CR | G14: =IF(ISNUMBER(SEARCH(" ",M14)),CONCATENATE("RE(",RIGHT(N14),")"),"n/a") -> RE(1) | H14: =FR1_IAC!C48 -> Password generation and lifetime restrictions for human users | I14: =FR1_IAC!C49 -> Components shall provide, or integrate into a system that provides, the capability to protect against any given human user account from reusing a password for a configurable number of generations. In addition, the component shall provide the capability to enforce password minimum and maximum lifetime restrictions for human users. These capabilities shall conform to commonly accepted security industry practices. The component should provide the capability to prompt the user to change their password upon a configurable time prior to expiration. | J14: =FR1_IAC!J50 -> 3 | K14: =FR1_IAC!D49 -> 0 | L14: IEC 62443-4-2 | M14: =FR1_IAC!A48 -> CR RE | N14: =FR1_IAC!B48 -> 1.7.1 | O14: No | P14: =IF(ISNUMBER(SEARCH(" ",M14)),CONCATENATE(MID(N14,1,LEN(N14)-2)," ",LEFT(M14,FIND(" ",M14)-1)),CONCATENATE(N14," ",M14)) -> 1.7 CR
A15: 14 | B15: =CONCATENATE(L15," - ",N15," ",M15) -> IEC 62443-4-2 - 1.7.2 CR RE | C15: =FR1_IAC!D53 -> 0 | D15: IEC62443-4-2 | E15: =E14 -> FR 1 - Identification and authentication control (IAC) | F15: 1.07 CR | G15: =IF(ISNUMBER(SEARCH(" ",M15)),CONCATENATE("RE(",RIGHT(N15),")"),"n/a") -> RE(2) | H15: =FR1_IAC!C51 -> Password lifetime restrictions for all users (human, software process, or device) | I15: =FR1_IAC!C52 -> Components shall provide, or integrate into a system that provides, the capability to enforce password minimum and maximum lifetime restrictions for all users. | J15: =FR1_IAC!J53 -> 4 | K15: =FR1_IAC!D52 -> 0 | L15: IEC 62443-4-2 | M15: =FR1_IAC!A51 -> CR RE | N15: =FR1_IAC!B51 -> 1.7.2 | O15: No | P15: =IF(ISNUMBER(SEARCH(" ",M15)),CONCATENATE(MID(N15,1,LEN(N15)-2)," ",LEFT(M15,FIND(" ",M15)-1)),CONCATENATE(N15," ",M15)) -> 1.7 CR
A16: 15 | B16: =CONCATENATE(L16," - ",N16," ",M16) -> IEC 62443-4-2 - 1.8 CR | C16: =FR1_IAC!D56 -> 0 | D16: IEC62443-4-2 | E16: =E15 -> FR 1 - Identification and authentication control (IAC) | F16: 1.08 CR | G16: =IF(ISNUMBER(SEARCH(" ",M16)),CONCATENATE("RE(",RIGHT(N16),")"),"n/a") -> n/a | H16: =FR1_IAC!C54 -> Public key infrastructure certificates | I16: =FR1_IAC!C55 -> When public key infrastructure (PKI) is utilized, the component shall provide or integrate into a system that provides the capability to interact and operate in accordance with ISA‑62443‑3‑3 SR1.8 | J16: =FR1_IAC!J56 -> 2 | K16: =FR1_IAC!D55 -> 0 | L16: IEC 62443-4-2 | M16: =FR1_IAC!A54 -> CR | N16: =FR1_IAC!B54 -> 1.8 | O16: No | P16: =IF(ISNUMBER(SEARCH(" ",M16)),CONCATENATE(MID(N16,1,LEN(N16)-2)," ",LEFT(M16,FIND(" ",M16)-1)),CONCATENATE(N16," ",M16)) -> 1.8 CR
A17: 16 | B17: =CONCATENATE(L17," - ",N17," ",M17) -> IEC 62443-4-2 - 1.9 CR | C17: =FR1_IAC!D59 -> 0 | D17: IEC62443-4-2 | E17: =E16 -> FR 1 - Identification and authentication control (IAC) | F17: 1.09 CR | G17: =IF(ISNUMBER(SEARCH(" ",M17)),CONCATENATE("RE(",RIGHT(N17),")"),"n/a") -> n/a | H17: =FR1_IAC!C57 -> Strength of public key authentication | I17: =FR1_IAC!C58 -> For components that utilize public key authentication, those components shall provide directly or integrate into a system that provides the capability within the same IACS environment to: a) validate certificates by checking the validity of the signature of a given certificate; b) validate the certificate chain or, in the case of self-signed certificates, by deploying leaf certificates to all hosts that communicate with the subject to which the certificate is issued; c) validate certificates by checking a given certificate’s revocation status; d) establish user (human, software process or device) control of the corresponding private key; e) map the authenticated identity to a user (human, software process or device); and f) ensure that the algorithms and keys used for the symmetric key authentication comply with 8.5 CR 4.3 – Use of cryptography. | J17: =FR1_IAC!J59 -> 2 | K17: =FR1_IAC!D58 -> 0 | L17: IEC 62443-4-2 | M17: =FR1_IAC!A57 -> CR | N17: =FR1_IAC!B57 -> 1.9 | O17: No | P17: =IF(ISNUMBER(SEARCH(" ",M17)),CONCATENATE(MID(N17,1,LEN(N17)-2)," ",LEFT(M17,FIND(" ",M17)-1)),CONCATENATE(N17," ",M17)) -> 1.9 CR
A18: 17 | B18: =CONCATENATE(L18," - ",N18," ",M18) -> IEC 62443-4-2 - 1.9.1 CR RE | C18: =FR1_IAC!D62 -> 0 | D18: IEC62443-4-2 | E18: =E17 -> FR 1 - Identification and authentication control (IAC) | F18: 1.09 CR | G18: =IF(ISNUMBER(SEARCH(" ",M18)),CONCATENATE("RE(",RIGHT(N18),")"),"n/a") -> RE(1) | H18: =FR1_IAC!C60 -> Hardware security for public key authentication | I18: =FR1_IAC!C61 -> Hardware security for public key authentication Components shall provide the capability to protect critical, long-lived private keys via hardware mechanisms. | J18: =FR1_IAC!J62 -> 3 | K18: =FR1_IAC!D61 -> 0 | L18: IEC 62443-4-2 | M18: =FR1_IAC!A60 -> CR RE | N18: =FR1_IAC!B60 -> 1.9.1 | O18: No | P18: =IF(ISNUMBER(SEARCH(" ",M18)),CONCATENATE(MID(N18,1,LEN(N18)-2)," ",LEFT(M18,FIND(" ",M18)-1)),CONCATENATE(N18," ",M18)) -> 1.9 CR
A19: 18 | B19: =CONCATENATE(L19," - ",N19," ",M19) -> IEC 62443-4-2 - 1.10 CR | C19: =FR1_IAC!D65 -> 0 | D19: IEC62443-4-2 | E19: =E18 -> FR 1 - Identification and authentication control (IAC) | F19: 1.10 CR | G19: =IF(ISNUMBER(SEARCH(" ",M19)),CONCATENATE("RE(",RIGHT(N19),")"),"n/a") -> n/a | H19: =FR1_IAC!C63 -> Authenticator feedback | I19: =FR1_IAC!C64 -> When a component provides an authentication capability, the component shall provide the capability to obscure feedback of authentication information during the authentication process. | J19: =FR1_IAC!J65 -> 1 | K19: =FR1_IAC!D64 -> 0 | L19: IEC 62443-4-2 | M19: =FR1_IAC!A63 -> CR | N19: =FR1_IAC!B63 -> 1.10 | O19: No | P19: =IF(ISNUMBER(SEARCH(" ",M19)),CONCATENATE(MID(N19,1,LEN(N19)-2)," ",LEFT(M19,FIND(" ",M19)-1)),CONCATENATE(N19," ",M19)) -> 1.10 CR
A20: 19 | B20: =CONCATENATE(L20," - ",N20," ",M20) -> IEC 62443-4-2 - 1.11 CR | C20: =FR1_IAC!D68 -> 0 | D20: IEC62443-4-2 | E20: =E19 -> FR 1 - Identification and authentication control (IAC) | F20: 1.11 CR | G20: =IF(ISNUMBER(SEARCH(" ",M20)),CONCATENATE("RE(",RIGHT(N20),")"),"n/a") -> n/a | H20: =FR1_IAC!C66 -> Unsuccessful login attempts | I20: =FR1_IAC!C67 -> When a component provides an authentication capability, the component shall provide the capability to: a) enforce a limit of a configurable number of consecutive invalid access attempts by any user (human, software process or device) during a configurable time period; and b) deny access for a specified period of time or until unlocked by an administrator when this limit has been reached. An administrator may unlock an account prior to the expiration of the timeout period. | J20: =FR1_IAC!J68 -> 1 | K20: =FR1_IAC!D67 -> 0 | L20: IEC 62443-4-2 | M20: =FR1_IAC!A66 -> CR | N20: =FR1_IAC!B66 -> 1.11 | O20: No | P20: =IF(ISNUMBER(SEARCH(" ",M20)),CONCATENATE(MID(N20,1,LEN(N20)-2)," ",LEFT(M20,FIND(" ",M20)-1)),CONCATENATE(N20," ",M20)) -> 1.11 CR
A21: 20 | B21: =CONCATENATE(L21," - ",N21," ",M21) -> IEC 62443-4-2 - 1.12 CR | C21: =FR1_IAC!D71 -> 0 | D21: IEC62443-4-2 | E21: =E20 -> FR 1 - Identification and authentication control (IAC) | F21: 1.12 CR | G21: =IF(ISNUMBER(SEARCH(" ",M21)),CONCATENATE("RE(",RIGHT(N21),")"),"n/a") -> n/a | H21: =FR1_IAC!C69 -> System use notification | I21: =FR1_IAC!C70 -> When a component provides local human user access/HMI, it shall provide the capability to display a system use notification message before authenticating. The system use notification message shall be configurable by authorized personnel. | J21: =FR1_IAC!J71 -> 1 | K21: =FR1_IAC!D70 -> 0 | L21: IEC 62443-4-2 | M21: =FR1_IAC!A69 -> CR | N21: =FR1_IAC!B69 -> 1.12 | O21: No | P21: =IF(ISNUMBER(SEARCH(" ",M21)),CONCATENATE(MID(N21,1,LEN(N21)-2)," ",LEFT(M21,FIND(" ",M21)-1)),CONCATENATE(N21," ",M21)) -> 1.12 CR
A22: 21 | B22: =CONCATENATE(L22," - ",N22," ",M22) -> IEC 62443-4-2 - 1.13 NDR | C22: =FR1_IAC!D74 -> 0 | D22: IEC62443-4-2 | E22: =E21 -> FR 1 - Identification and authentication control (IAC) | F22: 1.13 NDR | G22: =IF(ISNUMBER(SEARCH(" ",M22)),CONCATENATE("RE(",RIGHT(N22),")"),"n/a") -> n/a | H22: =FR1_IAC!C72 -> Access via untrusted networks | I22: =FR1_IAC!C73 -> The network device supporting device access into a network shall provide the capability to monitor and control all methods of access to the network device via untrusted networks. | J22: =FR1_IAC!J74 -> 1 | K22: =FR1_IAC!D73 -> 0 | L22: IEC 62443-4-2 | M22: =FR1_IAC!A72 -> NDR | N22: =FR1_IAC!B72 -> 1.13 | O22: No | P22: =IF(ISNUMBER(SEARCH(" ",M22)),CONCATENATE(MID(N22,1,LEN(N22)-2)," ",LEFT(M22,FIND(" ",M22)-1)),CONCATENATE(N22," ",M22)) -> 1.13 NDR
A23: 22 | B23: =CONCATENATE(L23," - ",N23," ",M23) -> IEC 62443-4-2 - 1.13.1 NDR RE | C23: =FR1_IAC!D77 -> 0 | D23: IEC62443-4-2 | E23: =E22 -> FR 1 - Identification and authentication control (IAC) | F23: 1.13 NDR | G23: =IF(ISNUMBER(SEARCH(" ",M23)),CONCATENATE("RE(",RIGHT(N23),")"),"n/a") -> RE(1) | H23: =FR1_IAC!C75 -> Explicity access request approval | I23: =FR1_IAC!C76 -> The network device shall provide the capability to deny access requests via untrusted networks unless explicitly approved by an assigned role. | J23: =FR1_IAC!J77 -> 3 | K23: =FR1_IAC!D76 -> 0 | L23: IEC 62443-4-2 | M23: =FR1_IAC!A75 -> NDR RE | N23: =FR1_IAC!B75 -> 1.13.1 | O23: No | P23: =IF(ISNUMBER(SEARCH(" ",M23)),CONCATENATE(MID(N23,1,LEN(N23)-2)," ",LEFT(M23,FIND(" ",M23)-1)),CONCATENATE(N23," ",M23)) -> 1.13 NDR
A24: 23 | B24: =CONCATENATE(L24," - ",N24," ",M24) -> IEC 62443-4-2 - 1.14 CR | C24: =FR1_IAC!D80 -> 0 | D24: IEC62443-4-2 | E24: =E23 -> FR 1 - Identification and authentication control (IAC) | F24: 1.14 CR | G24: =IF(ISNUMBER(SEARCH(" ",M24)),CONCATENATE("RE(",RIGHT(N24),")"),"n/a") -> n/a | H24: =FR1_IAC!C78 -> Strength of symmetric key authentication | I24: =FR1_IAC!C79 -> For components that utilize symmetric keys, the component shall provide the capability to: a) establish the mutual trust using the symmetric key; b) store securely the shared secret (the authentication is valid as long as the shared secret remains secret); c) restrict access to the shared secret; and d) ensure that the algorithms and keys used for the symmetric key authentication comply with CR 4.3 – Use of cryptography. | J24: =FR1_IAC!J80 -> 2 | K24: =FR1_IAC!D79 -> 0 | L24: IEC 62443-4-2 | M24: =FR1_IAC!A78 -> CR | N24: =FR1_IAC!B78 -> 1.14 | O24: No | P24: =IF(ISNUMBER(SEARCH(" ",M24)),CONCATENATE(MID(N24,1,LEN(N24)-2)," ",LEFT(M24,FIND(" ",M24)-1)),CONCATENATE(N24," ",M24)) -> 1.14 CR
A25: 24 | B25: =CONCATENATE(L25," - ",N25," ",M25) -> IEC 62443-4-2 - 1.14.1 CR RE | C25: =FR1_IAC!D83 -> 0 | D25: IEC62443-4-2 | E25: =E24 -> FR 1 - Identification and authentication control (IAC) | F25: 1.14 CR | G25: =IF(ISNUMBER(SEARCH(" ",M25)),CONCATENATE("RE(",RIGHT(N25),")"),"n/a") -> RE(1) | H25: =FR1_IAC!C81 -> Hardware security for symmetric key-based authentication | I25: =FR1_IAC!C82 -> Components shall provide the capability to protect critical, long lived symmetric keys via hardware mechanisms. | J25: =FR1_IAC!J83 -> 3 | K25: =FR1_IAC!D82 -> 0 | L25: IEC 62443-4-2 | M25: =FR1_IAC!A81 -> CR RE | N25: =FR1_IAC!B81 -> 1.14.1 | O25: No | P25: =IF(ISNUMBER(SEARCH(" ",M25)),CONCATENATE(MID(N25,1,LEN(N25)-2)," ",LEFT(M25,FIND(" ",M25)-1)),CONCATENATE(N25," ",M25)) -> 1.14 CR
A26: 25 | B26: =CONCATENATE(L26," - ",N26," ",M26) -> IEC 62443-4-2 - 2.1 CR | C26: =FR2_UC!D11 -> 0 | D26: IEC62443-4-2 | E26: =FR2_UC!A$7 -> FR 2 - Use Control (UC) | F26: 2.01 CR | G26: =IF(ISNUMBER(SEARCH(" ",M26)),CONCATENATE("RE(",RIGHT(N26),")"),"n/a") -> n/a | H26: =FR2_UC!C9 -> Authorization enforcement | I26: =FR2_UC!C10 -> The component shall provide an authorization enforcement mechanism for all identified and authenticated human users based on their assigned responsibilities. | J26: =FR2_UC!J11 -> 1 | K26: =FR2_UC!D10 -> 0 | L26: IEC 62443-4-2 | M26: =FR2_UC!A9 -> CR | N26: =FR2_UC!B9 -> 2.1 | O26: No | P26: =IF(ISNUMBER(SEARCH(" ",M26)),CONCATENATE(MID(N26,1,LEN(N26)-2)," ",LEFT(M26,FIND(" ",M26)-1)),CONCATENATE(N26," ",M26)) -> 2.1 CR
A27: 26 | B27: =CONCATENATE(L27," - ",N27," ",M27) -> IEC 62443-4-2 - 2.1.1 CR RE | C27: =FR2_UC!D14 -> 0 | D27: IEC62443-4-2 | E27: =E26 -> FR 2 - Use Control (UC) | F27: 2.01 CR | G27: =IF(ISNUMBER(SEARCH(" ",M27)),CONCATENATE("RE(",RIGHT(N27),")"),"n/a") -> RE(1) | H27: =FR2_UC!C12 -> Authorization enforcement for all users (humans, software processes and devices) | I27: =FR2_UC!C13 -> Components shall provide an authorization enforcement mechanism for all users based on their assigned responsibilities and least privilege. | J27: =FR2_UC!J14 -> 2 | K27: =FR2_UC!D13 -> 0 | L27: IEC 62443-4-2 | M27: =FR2_UC!A12 -> CR RE | N27: =FR2_UC!B12 -> 2.1.1 | O27: No | P27: =IF(ISNUMBER(SEARCH(" ",M27)),CONCATENATE(MID(N27,1,LEN(N27)-2)," ",LEFT(M27,FIND(" ",M27)-1)),CONCATENATE(N27," ",M27)) -> 2.1 CR
A28: 27 | B28: =CONCATENATE(L28," - ",N28," ",M28) -> IEC 62443-4-2 - 2.1.2 CR RE | C28: =FR2_UC!D17 -> 0 | D28: IEC62443-4-2 | E28: =E27 -> FR 2 - Use Control (UC) | F28: 2.01 CR | G28: =IF(ISNUMBER(SEARCH(" ",M28)),CONCATENATE("RE(",RIGHT(N28),")"),"n/a") -> RE(2) | H28: =FR2_UC!C15 -> Permission mapping to roles | I28: =FR2_UC!C16 -> Components shall, directly or through a compensating security mechanism, provide for an authorized role to define and modify the mapping of permissions to roles for all human users. Roles should not be limited to fixed nested hierarchies in which a higher-level role is a super set of a lesser privileged role. For example, a system administrator should not necessarily encompass operator privileges. NOTE 1 This RE is applicable to software processes and devices as well. | J28: =FR2_UC!J17 -> 2 | K28: =FR2_UC!D16 -> 0 | L28: IEC 62443-4-2 | M28: =FR2_UC!A15 -> CR RE | N28: =FR2_UC!B15 -> 2.1.2 | O28: No | P28: =IF(ISNUMBER(SEARCH(" ",M28)),CONCATENATE(MID(N28,1,LEN(N28)-2)," ",LEFT(M28,FIND(" ",M28)-1)),CONCATENATE(N28," ",M28)) -> 2.1 CR
A29: 28 | B29: =CONCATENATE(L29," - ",N29," ",M29) -> IEC 62443-4-2 - 2.1.3 CR RE | C29: =FR2_UC!D20 -> 0 | D29: IEC62443-4-2 | E29: =E28 -> FR 2 - Use Control (UC) | F29: 2.01 CR | G29: =IF(ISNUMBER(SEARCH(" ",M29)),CONCATENATE("RE(",RIGHT(N29),")"),"n/a") -> RE(3) | H29: =FR2_UC!C18 -> Supervisor override | I29: =FR2_UC!C19 -> Components shall support a supervisor manual override for a configurable time or sequence of events. NOTE 2 Implementation of a controlled, audited and manual override of automated mechanisms in the event of emergencies or other serious events is often needed. This allows a supervisor to enable an operator to quickly react to unusual conditions without closing the current session and establishing a new session as a higher privilege human user. | J29: =FR2_UC!J20 -> 3 | K29: =FR2_UC!D19 -> 0 | L29: IEC 62443-4-2 | M29: =FR2_UC!A18 -> CR RE | N29: =FR2_UC!B18 -> 2.1.3 | O29: No | P29: =IF(ISNUMBER(SEARCH(" ",M29)),CONCATENATE(MID(N29,1,LEN(N29)-2)," ",LEFT(M29,FIND(" ",M29)-1)),CONCATENATE(N29," ",M29)) -> 2.1 CR
A30: 29 | B30: =CONCATENATE(L30," - ",N30," ",M30) -> IEC 62443-4-2 - 2.1.4 CR RE | C30: =FR2_UC!D23 -> 0 | D30: IEC62443-4-2 | E30: =E29 -> FR 2 - Use Control (UC) | F30: 2.01 CR | G30: =IF(ISNUMBER(SEARCH(" ",M30)),CONCATENATE("RE(",RIGHT(N30),")"),"n/a") -> RE(4) | H30: =FR2_UC!C21 -> Dual approval | I30: =FR2_UC!C22 -> Components shall support dual approval when action can result in serious impact on the industrial process. Dual approval should be limited to actions which require a very high level of confidence that they will be performed reliably and correctly. Requiring dual approval provides emphasis to the seriousness of consequences that would result from failure of a correct action. An example of a situation in which dual approval is required would be a change to a set point of a critical industrial process. Dual approval mechanisms should not be employed when an immediate response is necessary to safeguard HSE consequences, for example, emergency shutdown of an industrial process. | J30: =FR2_UC!J23 -> 4 | K30: =FR2_UC!D22 -> 0 | L30: IEC 62443-4-2 | M30: =FR2_UC!A21 -> CR RE | N30: =FR2_UC!B21 -> 2.1.4 | O30: No | P30: =IF(ISNUMBER(SEARCH(" ",M30)),CONCATENATE(MID(N30,1,LEN(N30)-2)," ",LEFT(M30,FIND(" ",M30)-1)),CONCATENATE(N30," ",M30)) -> 2.1 CR
A31: 30 | B31: =CONCATENATE(L31," - ",N31," ",M31) -> IEC 62443-4-2 - 2.2 CR | C31: =FR2_UC!D26 -> 0 | D31: IEC62443-4-2 | E31: =E30 -> FR 2 - Use Control (UC) | F31: 2.02 CR | G31: =IF(ISNUMBER(SEARCH(" ",M31)),CONCATENATE("RE(",RIGHT(N31),")"),"n/a") -> n/a | H31: =FR2_UC!C24 -> Wireless use control | I31: =FR2_UC!C25 -> If a component supports usage through wireless interfaces it shall provide the capability to authorize, monitor and enforce usage restrictions according to commonly accepted industry practices. | J31: =FR2_UC!J26 -> 1 | K31: =FR2_UC!D25 -> 0 | L31: IEC 62443-4-2 | M31: =FR2_UC!A24 -> CR | N31: =FR2_UC!B24 -> 2.2 | O31: No | P31: =IF(ISNUMBER(SEARCH(" ",M31)),CONCATENATE(MID(N31,1,LEN(N31)-2)," ",LEFT(M31,FIND(" ",M31)-1)),CONCATENATE(N31," ",M31)) -> 2.2 CR
A32: 31 | B32: =CONCATENATE(L32," - ",N32," ",M32) -> IEC 62443-4-2 - 2.3 CR | C32: =FR2_UC!D29 -> 0 | D32: IEC62443-4-2 | E32: =E31 -> FR 2 - Use Control (UC) | F32: 2.03 CR | G32: =IF(ISNUMBER(SEARCH(" ",M32)),CONCATENATE("RE(",RIGHT(N32),")"),"n/a") -> n/a | H32: =FR2_UC!C27 -> Use control for portable and mobile devices | I32: =FR2_UC!C28 -> There is no component level requirement associated with ISA‑62443‑3‑3 SR 2.3. | J32: =FR2_UC!J29 -> 0 | K32: =FR2_UC!D28 -> 0 | L32: IEC 62443-4-2 | M32: =FR2_UC!A27 -> CR | N32: =FR2_UC!B27 -> 2.3 | O32: No | P32: =IF(ISNUMBER(SEARCH(" ",M32)),CONCATENATE(MID(N32,1,LEN(N32)-2)," ",LEFT(M32,FIND(" ",M32)-1)),CONCATENATE(N32," ",M32)) -> 2.3 CR
A33: 32 | B33: =CONCATENATE(L33," - ",N33," ",M33) -> IEC 62443-4-2 - 2.4 SAR | C33: =FR2_UC!D32 -> 0 | D33: IEC62443-4-2 | E33: =E32 -> FR 2 - Use Control (UC) | F33: 2.04 SAR | G33: =IF(ISNUMBER(SEARCH(" ",M33)),CONCATENATE("RE(",RIGHT(N33),")"),"n/a") -> n/a | H33: =FR2_UC!C30 -> Mobile code | I33: =FR2_UC!C31 -> In the event that a software application utilizes mobile code technologies, that application shall provide the capability to enforce a security policy for the usage of mobile code technologies. The security policy shall allow, at a minimum, the following actions for each mobile code technology used on the software application: a) Control execution of mobile code; b) Control which users (human, software process, or device) are allowed to transfer mobile code to/from the application; c) Control the execution of mobile code based on the results of an integrity check prior to the code being executed. | J33: =FR2_UC!J32 -> 1 | K33: =FR2_UC!D31 -> 0 | L33: IEC 62443-4-2 | M33: =FR2_UC!A30 -> SAR | N33: =FR2_UC!B30 -> 2.4 | O33: No | P33: =IF(ISNUMBER(SEARCH(" ",M33)),CONCATENATE(MID(N33,1,LEN(N33)-2)," ",LEFT(M33,FIND(" ",M33)-1)),CONCATENATE(N33," ",M33)) -> 2.4 SAR
A34: 33 | B34: =CONCATENATE(L34," - ",N34," ",M34) -> IEC 62443-4-2 - 2.4.1 SAR RE | C34: =FR2_UC!D35 -> 0 | D34: IEC62443-4-2 | E34: =E33 -> FR 2 - Use Control (UC) | F34: 2.04 SAR | G34: =IF(ISNUMBER(SEARCH(" ",M34)),CONCATENATE("RE(",RIGHT(N34),")"),"n/a") -> RE(1) | H34: =FR2_UC!C33 -> Mobile code authenticity check | I34: =FR2_UC!C34 -> The application shall provide the capability to enforce a security policy that allows the device to control execution of mobile code based on the results of an authenticity check prior to the code being executed. | J34: =FR2_UC!J35 -> 2 | K34: =FR2_UC!D34 -> 0 | L34: IEC 62443-4-2 | M34: =FR2_UC!A33 -> SAR RE | N34: =FR2_UC!B33 -> 2.4.1 | O34: No | P34: =IF(ISNUMBER(SEARCH(" ",M34)),CONCATENATE(MID(N34,1,LEN(N34)-2)," ",LEFT(M34,FIND(" ",M34)-1)),CONCATENATE(N34," ",M34)) -> 2.4 SAR
A35: 34 | B35: =CONCATENATE(L35," - ",N35," ",M35) -> IEC 62443-4-2 - 2.4 EDR | C35: =FR2_UC!D40 -> Supported with some restrictions/partly needs clarifications | D35: IEC62443-4-2 | E35: =E34 -> FR 2 - Use Control (UC) | F35: 2.04 EDR | G35: =IF(ISNUMBER(SEARCH(" ",M35)),CONCATENATE("RE(",RIGHT(N35),")"),"n/a") -> n/a | H35: =FR2_UC!C36 -> Mobile code | I35: =FR2_UC!C37 -> In the event that an embedded device utilizes mobile code technologies, the embedded device shall provide the capability to enforce a security policy for the usage of mobile code technologies. The security policy shall allow, at a minimum, the following actions for each mobile code technology used on the embedded device: a) Control execution of mobile code; | J35: =FR2_UC!J40 -> 1 | K35: =FR2_UC!D37 -> MCSR MP-5.1 is concentrating on Windows Malware scanning. This EDR 2.4 is more appropriate for Embedded devices. Definition from 62443: 3.1.29 mobile code program transferred between assets that can be executed without explicit installation by the recipient EXAMPLE JavaScript, VBScript, Java applets, ActiveX controls, Flash animations, Shockwave movies, and Microsoft Office macros. | L35: IEC 62443-4-2 | M35: =FR2_UC!A36 -> EDR | N35: =FR2_UC!B36 -> 2.4 | O35: No | P35: =IF(ISNUMBER(SEARCH(" ",M35)),CONCATENATE(MID(N35,1,LEN(N35)-2)," ",LEFT(M35,FIND(" ",M35)-1)),CONCATENATE(N35," ",M35)) -> 2.4 EDR
A36: 35 | B36: =CONCATENATE(L36," - ",N36," ",M36) -> IEC 62443-4-2 - 2.4.1 EDR RE | C36: =FR2_UC!D43 -> Supported with some restrictions/partly needs clarifications | D36: IEC62443-4-2 | E36: =E35 -> FR 2 - Use Control (UC) | F36: 2.04 EDR | G36: =IF(ISNUMBER(SEARCH(" ",M36)),CONCATENATE("RE(",RIGHT(N36),")"),"n/a") -> RE(1) | H36: =FR2_UC!C41 -> Mobile code authenticity check | I36: =FR2_UC!C42 -> The embedded device shall provide the capability to enforce a security policy that allows the device to control execution of mobile code based on the results of an authenticity check prior to the code being executed | J36: =FR2_UC!J43 -> 2 | K36: =FR2_UC!D42 -> 0 | L36: IEC 62443-4-2 | M36: =FR2_UC!A41 -> EDR RE | N36: =FR2_UC!B41 -> 2.4.1 | O36: No | P36: =IF(ISNUMBER(SEARCH(" ",M36)),CONCATENATE(MID(N36,1,LEN(N36)-2)," ",LEFT(M36,FIND(" ",M36)-1)),CONCATENATE(N36," ",M36)) -> 2.4 EDR
A37: 36 | B37: =CONCATENATE(L37," - ",N37," ",M37) -> IEC 62443-4-2 - 2.4 HDR | C37: =FR2_UC!D46 -> 0 | D37: IEC62443-4-2 | E37: =E36 -> FR 2 - Use Control (UC) | F37: 2.04 HDR | G37: =IF(ISNUMBER(SEARCH(" ",M37)),CONCATENATE("RE(",RIGHT(N37),")"),"n/a") -> n/a | H37: =FR2_UC!C44 -> Mobile code | I37: =FR2_UC!C45 -> In the event that a host device utilizes mobile code technologies, the embedded device shall provide the capability to enforce a security policy for the usage of mobile code technologies. The security policy shall allow, at a minimum, the following actions for each mobile code technology used on the host device: a) Control execution of mobile code; b) Control which users (human, software process, or device) are allowed to upload mobile code to the device; c) Control the code execution based upon integrity checks on the mobile code and prior to the code being executed | J37: =FR2_UC!J46 -> 1 | K37: =FR2_UC!D45 -> 0 | L37: IEC 62443-4-2 | M37: =FR2_UC!A44 -> HDR | N37: =FR2_UC!B44 -> 2.4 | O37: No | P37: =IF(ISNUMBER(SEARCH(" ",M37)),CONCATENATE(MID(N37,1,LEN(N37)-2)," ",LEFT(M37,FIND(" ",M37)-1)),CONCATENATE(N37," ",M37)) -> 2.4 HDR
A38: 37 | B38: =CONCATENATE(L38," - ",N38," ",M38) -> IEC 62443-4-2 - 2.4.1 HDR RE | C38: =FR2_UC!D49 -> 0 | D38: IEC62443-4-2 | E38: =E37 -> FR 2 - Use Control (UC) | F38: 2.04 HDR | G38: =IF(ISNUMBER(SEARCH(" ",M38)),CONCATENATE("RE(",RIGHT(N38),")"),"n/a") -> RE(1) | H38: =FR2_UC!C47 -> Mobile code authenticity check | I38: =FR2_UC!C48 -> The host device shall provide the capability to enforce a security policy that allows the device to control execution of mobile code based on the results of an authenticity check prior to the code being executed | J38: =FR2_UC!J49 -> 2 | K38: =FR2_UC!D48 -> 0 | L38: IEC 62443-4-2 | M38: =FR2_UC!A47 -> HDR RE | N38: =FR2_UC!B47 -> 2.4.1 | O38: No | P38: =IF(ISNUMBER(SEARCH(" ",M38)),CONCATENATE(MID(N38,1,LEN(N38)-2)," ",LEFT(M38,FIND(" ",M38)-1)),CONCATENATE(N38," ",M38)) -> 2.4 HDR
A39: 38 | B39: =CONCATENATE(L39," - ",N39," ",M39) -> IEC 62443-4-2 - 2.4 NDR | C39: =FR2_UC!D52 -> 0 | D39: IEC62443-4-2 | E39: =E38 -> FR 2 - Use Control (UC) | F39: 2.04 NDR | G39: =IF(ISNUMBER(SEARCH(" ",M39)),CONCATENATE("RE(",RIGHT(N39),")"),"n/a") -> n/a | H39: =FR2_UC!C50 -> Mobile code | I39: =FR2_UC!C51 -> In the event that a network device utilizes mobile code technologies, the embedded device shall provide the capability to enforce a security policy for the usage of mobile code technologies. The security policy shall allow, at a minimum, the following actions for each mobile code technology used on the network device: a) Control execution of mobile code; b) Control which users (human, software process, or device) are allowed to upload mobile code to the device; c) Control the code execution based upon integrity checks on the mobile code and prior to the code being executed | J39: =FR2_UC!J52 -> 1 | K39: =FR2_UC!D51 -> 0 | L39: IEC 62443-4-2 | M39: =FR2_UC!A50 -> NDR | N39: =FR2_UC!B50 -> 2.4 | O39: No | P39: =IF(ISNUMBER(SEARCH(" ",M39)),CONCATENATE(MID(N39,1,LEN(N39)-2)," ",LEFT(M39,FIND(" ",M39)-1)),CONCATENATE(N39," ",M39)) -> 2.4 NDR
A40: 39 | B40: =CONCATENATE(L40," - ",N40," ",M40) -> IEC 62443-4-2 - 2.4.1 NDR RE | C40: =FR2_UC!D55 -> 0 | D40: IEC62443-4-2 | E40: =E39 -> FR 2 - Use Control (UC) | F40: 2.04 NDR | G40: =IF(ISNUMBER(SEARCH(" ",M40)),CONCATENATE("RE(",RIGHT(N40),")"),"n/a") -> RE(1) | H40: =FR2_UC!C53 -> Mobile code authenticity check | I40: =FR2_UC!C54 -> The host device shall provide the capability to enforce a security policy that allows the device to control execution of mobile code based on the results of an authenticity check prior to the code being executed | J40: =FR2_UC!J55 -> 2 | K40: =FR2_UC!D54 -> 0 | L40: IEC 62443-4-2 | M40: =FR2_UC!A53 -> NDR RE | N40: =FR2_UC!B53 -> 2.4.1 | O40: No | P40: =IF(ISNUMBER(SEARCH(" ",M40)),CONCATENATE(MID(N40,1,LEN(N40)-2)," ",LEFT(M40,FIND(" ",M40)-1)),CONCATENATE(N40," ",M40)) -> 2.4 NDR
A41: 40 | B41: =CONCATENATE(L41," - ",N41," ",M41) -> IEC 62443-4-2 - 2.5 CR | C41: =FR2_UC!D58 -> 0 | D41: IEC62443-4-2 | E41: =E40 -> FR 2 - Use Control (UC) | F41: 2.05 CR | G41: =IF(ISNUMBER(SEARCH(" ",M41)),CONCATENATE("RE(",RIGHT(N41),")"),"n/a") -> n/a | H41: =FR2_UC!C56 -> Session lock | I41: =FR2_UC!C57 -> If a component provides a human user interface, whether accessed locally or via a network, the component shall provide the capability a) to protect against further access by initiating a session lock after a configurable time period of inactivity or by manual initiation by the user (human, software process or device); and b) for the session lock to remain in effect until the human user who owns the session, or another authorized human user, re-establishes access using appropriate identification and authentication procedures. | J41: =FR2_UC!J58 -> 1 | K41: =FR2_UC!D57 -> 0 | L41: IEC 62443-4-2 | M41: =FR2_UC!A56 -> CR | N41: =FR2_UC!B56 -> 2.5 | O41: No | P41: =IF(ISNUMBER(SEARCH(" ",M41)),CONCATENATE(MID(N41,1,LEN(N41)-2)," ",LEFT(M41,FIND(" ",M41)-1)),CONCATENATE(N41," ",M41)) -> 2.5 CR
A42: 41 | B42: =CONCATENATE(L42," - ",N42," ",M42) -> IEC 62443-4-2 - 2.6 CR | C42: =FR2_UC!D61 -> 0 | D42: IEC62443-4-2 | E42: =E41 -> FR 2 - Use Control (UC) | F42: 2.06 CR | G42: =IF(ISNUMBER(SEARCH(" ",M42)),CONCATENATE("RE(",RIGHT(N42),")"),"n/a") -> n/a | H42: =FR2_UC!C59 -> Remote session termination | I42: =FR2_UC!C60 -> If a component supports remote sessions, the component shall provide the capability to terminate a remote session either automatically after a configurable time period of inactivity, manually by a local authority, or manually by the user (human, software process or device) who initiated the session. | J42: =FR2_UC!J61 -> 2 | K42: =FR2_UC!D60 -> 0 | L42: IEC 62443-4-2 | M42: =FR2_UC!A59 -> CR | N42: =FR2_UC!B59 -> 2.6 | O42: No | P42: =IF(ISNUMBER(SEARCH(" ",M42)),CONCATENATE(MID(N42,1,LEN(N42)-2)," ",LEFT(M42,FIND(" ",M42)-1)),CONCATENATE(N42," ",M42)) -> 2.6 CR
A43: 42 | B43: =CONCATENATE(L43," - ",N43," ",M43) -> IEC 62443-4-2 - 2.7 CR | C43: =FR2_UC!D64 -> 0 | D43: IEC62443-4-2 | E43: =E42 -> FR 2 - Use Control (UC) | F43: 2.07 CR | G43: =IF(ISNUMBER(SEARCH(" ",M43)),CONCATENATE("RE(",RIGHT(N43),")"),"n/a") -> n/a | H43: =FR2_UC!C62 -> Concurrent session control | I43: =FR2_UC!C63 -> Components shall provide the capability to limit the number of concurrent sessions per interface for any given user (human, software process or device). | J43: =FR2_UC!J64 -> 3 | K43: =FR2_UC!D63 -> 0 | L43: IEC 62443-4-2 | M43: =FR2_UC!A62 -> CR | N43: =FR2_UC!B62 -> 2.7 | O43: No | P43: =IF(ISNUMBER(SEARCH(" ",M43)),CONCATENATE(MID(N43,1,LEN(N43)-2)," ",LEFT(M43,FIND(" ",M43)-1)),CONCATENATE(N43," ",M43)) -> 2.7 CR
A44: 43 | B44: =CONCATENATE(L44," - ",N44," ",M44) -> IEC 62443-4-2 - 2.8 CR | C44: =FR2_UC!D67 -> 0 | D44: IEC62443-4-2 | E44: =E43 -> FR 2 - Use Control (UC) | F44: 2.08 CR | G44: =IF(ISNUMBER(SEARCH(" ",M44)),CONCATENATE("RE(",RIGHT(N44),")"),"n/a") -> n/a | H44: =FR2_UC!C65 -> Auditable events | I44: =FR2_UC!C66 -> Components shall provide the capability to generate audit records relevant to security for the following categories: a) access control; b) request errors; c) control system events; d) backup and restore event; e) configuration changes; and f) audit log events. Individual audit records shall include: a) timestamp; b) source (originating device, software process or human user account); c) category; d) type; e) event ID; and f) event result. | J44: =FR2_UC!J67 -> 1 | K44: =FR2_UC!D66 -> 0 | L44: IEC 62443-4-2 | M44: =FR2_UC!A65 -> CR | N44: =FR2_UC!B65 -> 2.8 | O44: No | P44: =IF(ISNUMBER(SEARCH(" ",M44)),CONCATENATE(MID(N44,1,LEN(N44)-2)," ",LEFT(M44,FIND(" ",M44)-1)),CONCATENATE(N44," ",M44)) -> 2.8 CR
A45: 44 | B45: =CONCATENATE(L45," - ",N45," ",M45) -> IEC 62443-4-2 - 2.9 CR | C45: =FR2_UC!D70 -> 0 | D45: IEC62443-4-2 | E45: =E44 -> FR 2 - Use Control (UC) | F45: 2.09 CR | G45: =IF(ISNUMBER(SEARCH(" ",M45)),CONCATENATE("RE(",RIGHT(N45),")"),"n/a") -> n/a | H45: =FR2_UC!C68 -> Audit storage capacity | I45: =FR2_UC!C69 -> Components shall a) provide the capability to allocate audit record storage capacity according to commonly recognized recommendations for log management; and b) provide mechanisms to protect against a failure of the component when it reaches or exceeds the audit storage capacity. | J45: =FR2_UC!J70 -> 1 | K45: =FR2_UC!D69 -> 0 | L45: IEC 62443-4-2 | M45: =FR2_UC!A68 -> CR | N45: =FR2_UC!B68 -> 2.9 | O45: No | P45: =IF(ISNUMBER(SEARCH(" ",M45)),CONCATENATE(MID(N45,1,LEN(N45)-2)," ",LEFT(M45,FIND(" ",M45)-1)),CONCATENATE(N45," ",M45)) -> 2.9 CR
A46: 45 | B46: =CONCATENATE(L46," - ",N46," ",M46) -> IEC 62443-4-2 - 2.9.1 CR RE | C46: =FR2_UC!D73 -> 0 | D46: IEC62443-4-2 | E46: =E45 -> FR 2 - Use Control (UC) | F46: 2.09 CR | G46: =IF(ISNUMBER(SEARCH(" ",M46)),CONCATENATE("RE(",RIGHT(N46),")"),"n/a") -> RE(1) | H46: =FR2_UC!C71 -> Warn when audit record storage capacity threshold reached | I46: =FR2_UC!C72 -> Components shall provide the capability to issue a warning when the allocated audit record storage reaches a configurable threshold. | J46: =FR2_UC!J73 -> 3 | K46: =FR2_UC!D72 -> 0 | L46: IEC 62443-4-2 | M46: =FR2_UC!A71 -> CR RE | N46: =FR2_UC!B71 -> 2.9.1 | O46: No | P46: =IF(ISNUMBER(SEARCH(" ",M46)),CONCATENATE(MID(N46,1,LEN(N46)-2)," ",LEFT(M46,FIND(" ",M46)-1)),CONCATENATE(N46," ",M46)) -> 2.9 CR
A47: 46 | B47: =CONCATENATE(L47," - ",N47," ",M47) -> IEC 62443-4-2 - 2.10 CR | C47: =FR2_UC!D76 -> 0 | D47: IEC62443-4-2 | E47: =E46 -> FR 2 - Use Control (UC) | F47: 2.10 CR | G47: =IF(ISNUMBER(SEARCH(" ",M47)),CONCATENATE("RE(",RIGHT(N47),")"),"n/a") -> n/a | H47: =FR2_UC!C74 -> Response to audit processing failures | I47: =FR2_UC!C75 -> Components shall a) provide the capability to protect against the loss of essential services and functions in the event of an audit processing failure; and b) provide the capability to support appropriate actions in response to an audit processing failure according to commonly accepted industry practices and recommendations. | J47: =FR2_UC!J76 -> 1 | K47: =FR2_UC!D75 -> 0 | L47: IEC 62443-4-2 | M47: =FR2_UC!A74 -> CR | N47: =FR2_UC!B74 -> 2.10 | O47: No | P47: =IF(ISNUMBER(SEARCH(" ",M47)),CONCATENATE(MID(N47,1,LEN(N47)-2)," ",LEFT(M47,FIND(" ",M47)-1)),CONCATENATE(N47," ",M47)) -> 2.10 CR
A48: 47 | B48: =CONCATENATE(L48," - ",N48," ",M48) -> IEC 62443-4-2 - 2.11 CR | C48: =FR2_UC!D79 -> 0 | D48: IEC62443-4-2 | E48: =E47 -> FR 2 - Use Control (UC) | F48: 2.11 CR | G48: =IF(ISNUMBER(SEARCH(" ",M48)),CONCATENATE("RE(",RIGHT(N48),")"),"n/a") -> n/a | H48: =FR2_UC!C77 -> Timestamps | I48: =FR2_UC!C78 -> Components shall provide the capability to create timestamps (including date and time) for use in audit records. | J48: =FR2_UC!J79 -> 1 | K48: =FR2_UC!D78 -> 0 | L48: IEC 62443-4-2 | M48: =FR2_UC!A77 -> CR | N48: =FR2_UC!B77 -> 2.11 | O48: No | P48: =IF(ISNUMBER(SEARCH(" ",M48)),CONCATENATE(MID(N48,1,LEN(N48)-2)," ",LEFT(M48,FIND(" ",M48)-1)),CONCATENATE(N48," ",M48)) -> 2.11 CR
A49: 48 | B49: =CONCATENATE(L49," - ",N49," ",M49) -> IEC 62443-4-2 - 2.11.1 CR RE | C49: =FR2_UC!D82 -> 0 | D49: IEC62443-4-2 | E49: =E48 -> FR 2 - Use Control (UC) | F49: 2.11 CR | G49: =IF(ISNUMBER(SEARCH(" ",M49)),CONCATENATE("RE(",RIGHT(N49),")"),"n/a") -> RE(1) | H49: =FR2_UC!C80 -> Time synchronization | I49: =FR2_UC!C81 -> Components shall provide the capability to create timestamps that are synchronized with a system wide time source. | J49: =FR2_UC!J82 -> 2 | K49: =FR2_UC!D81 -> 0 | L49: IEC 62443-4-2 | M49: =FR2_UC!A80 -> CR RE | N49: =FR2_UC!B80 -> 2.11.1 | O49: No | P49: =IF(ISNUMBER(SEARCH(" ",M49)),CONCATENATE(MID(N49,1,LEN(N49)-2)," ",LEFT(M49,FIND(" ",M49)-1)),CONCATENATE(N49," ",M49)) -> 2.11 CR
A50: 49 | B50: =CONCATENATE(L50," - ",N50," ",M50) -> IEC 62443-4-2 - 2.11.2 CR RE | C50: =FR2_UC!D85 -> 0 | D50: IEC62443-4-2 | E50: =E49 -> FR 2 - Use Control (UC) | F50: 2.11 CR | G50: =IF(ISNUMBER(SEARCH(" ",M50)),CONCATENATE("RE(",RIGHT(N50),")"),"n/a") -> RE(2) | H50: =FR2_UC!C83 -> Protection of time source integrity | I50: =FR2_UC!C84 -> The time synchronization mechanism shall provide the capability to detect unauthorized alteration and cause an audit event upon alteration. | J50: =FR2_UC!J85 -> 4 | K50: =FR2_UC!D84 -> 0 | L50: IEC 62443-4-2 | M50: =FR2_UC!A83 -> CR RE | N50: =FR2_UC!B83 -> 2.11.2 | O50: No | P50: =IF(ISNUMBER(SEARCH(" ",M50)),CONCATENATE(MID(N50,1,LEN(N50)-2)," ",LEFT(M50,FIND(" ",M50)-1)),CONCATENATE(N50," ",M50)) -> 2.11 CR
A51: 50 | B51: =CONCATENATE(L51," - ",N51," ",M51) -> IEC 62443-4-2 - 2.12 CR | C51: =FR2_UC!D88 -> 0 | D51: IEC62443-4-2 | E51: =E50 -> FR 2 - Use Control (UC) | F51: 2.12 CR | G51: =IF(ISNUMBER(SEARCH(" ",M51)),CONCATENATE("RE(",RIGHT(N51),")"),"n/a") -> n/a | H51: =FR2_UC!C86 -> Non-repudiation | I51: =FR2_UC!C87 -> If a component provides a human user interface, the component shall provide the capability to determine whether a given human user took a particular action. Control elements that are not able to support such capability shall be listed in component documents. | J51: =FR2_UC!J88 -> 1 | K51: =FR2_UC!D87 -> 0 | L51: IEC 62443-4-2 | M51: =FR2_UC!A86 -> CR | N51: =FR2_UC!B86 -> 2.12 | O51: No | P51: =IF(ISNUMBER(SEARCH(" ",M51)),CONCATENATE(MID(N51,1,LEN(N51)-2)," ",LEFT(M51,FIND(" ",M51)-1)),CONCATENATE(N51," ",M51)) -> 2.12 CR
A52: 51 | B52: =CONCATENATE(L52," - ",N52," ",M52) -> IEC 62443-4-2 - 2.12.1 CR RE | C52: =FR2_UC!D91 -> 0 | D52: IEC62443-4-2 | E52: =E51 -> FR 2 - Use Control (UC) | F52: 2.12 CR | G52: =IF(ISNUMBER(SEARCH(" ",M52)),CONCATENATE("RE(",RIGHT(N52),")"),"n/a") -> RE(1) | H52: =FR2_UC!C89 -> Non-repudiation for all users | I52: =FR2_UC!C90 -> Components shall provide the capability to determine whether a given user (human, software process or device) took a particular action. | J52: =FR2_UC!J91 -> 4 | K52: =FR2_UC!D90 -> 0 | L52: IEC 62443-4-2 | M52: =FR2_UC!A89 -> CR RE | N52: =FR2_UC!B89 -> 2.12.1 | O52: No | P52: =IF(ISNUMBER(SEARCH(" ",M52)),CONCATENATE(MID(N52,1,LEN(N52)-2)," ",LEFT(M52,FIND(" ",M52)-1)),CONCATENATE(N52," ",M52)) -> 2.12 CR
A53: 52 | B53: =CONCATENATE(L53," - ",N53," ",M53) -> IEC 62443-4-2 - 2.13 EDR | C53: =FR2_UC!D94 -> Supported | D53: IEC62443-4-2 | E53: =E52 -> FR 2 - Use Control (UC) | F53: 2.13 EDR | G53: =IF(ISNUMBER(SEARCH(" ",M53)),CONCATENATE("RE(",RIGHT(N53),")"),"n/a") -> n/a | H53: =FR2_UC!C92 -> Use of physical diagnostic and test interfaces | I53: =FR2_UC!C93 -> Embedded devices shall prevent unauthorized use of the physical factory diagnostic and test interface(s) (e.g. JTAG Debugging). | J53: =FR2_UC!J94 -> 2 | K53: =FR2_UC!D93 -> MCSR 1.0 is more strict as to not allow debugging interfaces at all, also software debugging symbols are included in MCSR 1.0 | L53: IEC 62443-4-2 | M53: =FR2_UC!A92 -> EDR | N53: =FR2_UC!B92 -> 2.13 | O53: No | P53: =IF(ISNUMBER(SEARCH(" ",M53)),CONCATENATE(MID(N53,1,LEN(N53)-2)," ",LEFT(M53,FIND(" ",M53)-1)),CONCATENATE(N53," ",M53)) -> 2.13 EDR
A54: 53 | B54: =CONCATENATE(L54," - ",N54," ",M54) -> IEC 62443-4-2 - 2.13.1 EDR RE | C54: =FR2_UC!D97 -> 0 | D54: IEC62443-4-2 | E54: =E53 -> FR 2 - Use Control (UC) | F54: 2.13 EDR | G54: =IF(ISNUMBER(SEARCH(" ",M54)),CONCATENATE("RE(",RIGHT(N54),")"),"n/a") -> RE(1) | H54: =FR2_UC!C95 -> Active monitoring | I54: =FR2_UC!C96 -> Embedded devices shall provide active monitoring of the device’s diagnostic and test interface(s) and generate a log entry when attempts to access these interface(s) are detected. | J54: =FR2_UC!J97 -> 3 | K54: =FR2_UC!D96 -> 0 | L54: IEC 62443-4-2 | M54: =FR2_UC!A95 -> EDR RE | N54: =FR2_UC!B95 -> 2.13.1 | O54: No | P54: =IF(ISNUMBER(SEARCH(" ",M54)),CONCATENATE(MID(N54,1,LEN(N54)-2)," ",LEFT(M54,FIND(" ",M54)-1)),CONCATENATE(N54," ",M54)) -> 2.13 EDR
A55: 54 | B55: =CONCATENATE(L55," - ",N55," ",M55) -> IEC 62443-4-2 - 2.13 HDR | C55: =FR2_UC!D100 -> 0 | D55: IEC62443-4-2 | E55: =E54 -> FR 2 - Use Control (UC) | F55: 2.13 HDR | G55: =IF(ISNUMBER(SEARCH(" ",M55)),CONCATENATE("RE(",RIGHT(N55),")"),"n/a") -> n/a | H55: =FR2_UC!C98 -> Use of physical diagnostic and test interfaces | I55: =FR2_UC!C99 -> Host devices shall prevent unauthorized use of the physical factory diagnostic and test interface(s) (e.g. JTAG debugging). | J55: =FR2_UC!J100 -> 2 | K55: =FR2_UC!D99 -> MCSR 1.0 is more strict as to not allow debugging interfaces at all, also software debugging symbols are included in MCSR 1.0 | L55: IEC 62443-4-2 | M55: =FR2_UC!A98 -> HDR | N55: =FR2_UC!B98 -> 2.13 | O55: No | P55: =IF(ISNUMBER(SEARCH(" ",M55)),CONCATENATE(MID(N55,1,LEN(N55)-2)," ",LEFT(M55,FIND(" ",M55)-1)),CONCATENATE(N55," ",M55)) -> 2.13 HDR
A56: 55 | B56: =CONCATENATE(L56," - ",N56," ",M56) -> IEC 62443-4-2 - 2.13.1 HDR RE | C56: =FR2_UC!D103 -> 0 | D56: IEC62443-4-2 | E56: =E55 -> FR 2 - Use Control (UC) | F56: 2.13 HDR | G56: =IF(ISNUMBER(SEARCH(" ",M56)),CONCATENATE("RE(",RIGHT(N56),")"),"n/a") -> RE(1) | H56: =FR2_UC!C101 -> Active monitoring | I56: =FR2_UC!C102 -> Host devices shall provide active monitoring of the device’s diagnostic and test interface(s) and generate a log entry when attempts to access these interface(s) are detected. | J56: =FR2_UC!J103 -> 3 | K56: =FR2_UC!D102 -> 0 | L56: IEC 62443-4-2 | M56: =FR2_UC!A101 -> HDR RE | N56: =FR2_UC!B101 -> 2.13.1 | O56: No | P56: =IF(ISNUMBER(SEARCH(" ",M56)),CONCATENATE(MID(N56,1,LEN(N56)-2)," ",LEFT(M56,FIND(" ",M56)-1)),CONCATENATE(N56," ",M56)) -> 2.13 HDR
A57: 56 | B57: =CONCATENATE(L57," - ",N57," ",M57) -> IEC 62443-4-2 - 2.13 NDR | C57: =FR2_UC!D106 -> 0 | D57: IEC62443-4-2 | E57: =E56 -> FR 2 - Use Control (UC) | F57: 2.13 NDR | G57: =IF(ISNUMBER(SEARCH(" ",M57)),CONCATENATE("RE(",RIGHT(N57),")"),"n/a") -> n/a | H57: =FR2_UC!C104 -> Use of physical diagnostic and test interfaces | I57: =FR2_UC!C105 -> Network devices shall prevent unauthorized use of the physical factory diagnostic and test interface(s) (e.g. JTAG debugging). | J57: =FR2_UC!J106 -> 2 | K57: =FR2_UC!D105 -> MCSR 1.0 is more strict as to not allow debugging interfaces at all, also software debugging symbols are included in MCSR 1.0 | L57: IEC 62443-4-2 | M57: =FR2_UC!A104 -> NDR | N57: =FR2_UC!B104 -> 2.13 | O57: No | P57: =IF(ISNUMBER(SEARCH(" ",M57)),CONCATENATE(MID(N57,1,LEN(N57)-2)," ",LEFT(M57,FIND(" ",M57)-1)),CONCATENATE(N57," ",M57)) -> 2.13 NDR
A58: 57 | B58: =CONCATENATE(L58," - ",N58," ",M58) -> IEC 62443-4-2 - 2.13.1 NDR RE | C58: =FR2_UC!D109 -> 0 | D58: IEC62443-4-2 | E58: =E57 -> FR 2 - Use Control (UC) | F58: 2.13 NDR | G58: =IF(ISNUMBER(SEARCH(" ",M58)),CONCATENATE("RE(",RIGHT(N58),")"),"n/a") -> RE(1) | H58: =FR2_UC!C107 -> Active monitoring | I58: =FR2_UC!C108 -> Network devices shall provide active monitoring of the device’s diagnostic and test interface(s) and generate a log entry when attempts to access these interface(s) are detected. | J58: =FR2_UC!J109 -> 3 | K58: =FR2_UC!D108 -> 0 | L58: IEC 62443-4-2 | M58: =FR2_UC!A107 -> NDR RE | N58: =FR2_UC!B107 -> 2.13.1 | O58: No | P58: =IF(ISNUMBER(SEARCH(" ",M58)),CONCATENATE(MID(N58,1,LEN(N58)-2)," ",LEFT(M58,FIND(" ",M58)-1)),CONCATENATE(N58," ",M58)) -> 2.13 NDR
A59: 58 | B59: =CONCATENATE(L59," - ",N59," ",M59) -> IEC 62443-4-2 - 3.1 CR | C59: =FR3_SI!D11 -> Supported | D59: IEC62443-4-2 | E59: =FR3_SI!A$7 -> FR 3 - System integrity (SI) | F59: 3.01 CR | G59: =IF(ISNUMBER(SEARCH(" ",M59)),CONCATENATE("RE(",RIGHT(N59),")"),"n/a") -> n/a | H59: =FR3_SI!C9 -> Communication integrity | I59: =FR3_SI!C10 -> Components shall provide the capability to protect integrity of transmitted information. | J59: =FR3_SI!J11 -> 1 | K59: =FR3_SI!D10 -> 0 | L59: IEC 62443-4-2 | M59: =FR3_SI!A9 -> CR | N59: =FR3_SI!B9 -> 3.1 | O59: No | P59: =IF(ISNUMBER(SEARCH(" ",M59)),CONCATENATE(MID(N59,1,LEN(N59)-2)," ",LEFT(M59,FIND(" ",M59)-1)),CONCATENATE(N59," ",M59)) -> 3.1 CR
A60: 59 | B60: =CONCATENATE(L60," - ",N60," ",M60) -> IEC 62443-4-2 - 3.1.1 CR RE | C60: =FR3_SI!D14 -> 0 | D60: IEC62443-4-2 | E60: =E59 -> FR 3 - System integrity (SI) | F60: 3.01 CR | G60: =IF(ISNUMBER(SEARCH(" ",M60)),CONCATENATE("RE(",RIGHT(N60),")"),"n/a") -> RE(1) | H60: =FR3_SI!C12 -> Communication authentication | I60: =FR3_SI!C13 -> Components shall provide the capability to verify authenticity of received information during communication. NOTE: Both integrity protection and authentication of origin can be achieved without providing confidentiality protection. | J60: =FR3_SI!J14 -> 2 | K60: =FR3_SI!D13 -> MP-15 talks about "secure protocols" which we usually interpret as at least providing integrity and authenticity. | L60: IEC 62443-4-2 | M60: =FR3_SI!A12 -> CR RE | N60: =FR3_SI!B12 -> 3.1.1 | O60: No | P60: =IF(ISNUMBER(SEARCH(" ",M60)),CONCATENATE(MID(N60,1,LEN(N60)-2)," ",LEFT(M60,FIND(" ",M60)-1)),CONCATENATE(N60," ",M60)) -> 3.1 CR
A61: 60 | B61: =CONCATENATE(L61," - ",N61," ",M61) -> IEC 62443-4-2 - 3.2 SAR | C61: =FR3_SI!D17 -> 0 | D61: IEC62443-4-2 | E61: =E60 -> FR 3 - System integrity (SI) | F61: 3.02 SAR | G61: =IF(ISNUMBER(SEARCH(" ",M61)),CONCATENATE("RE(",RIGHT(N61),")"),"n/a") -> n/a | H61: =FR3_SI!C15 -> Protection from malicious code | I61: =FR3_SI!C16 -> The application product supplier shall qualify and document which protection from malicious code mechanisms are compatible with the application and note any special configuration requirements. | J61: =FR3_SI!J17 -> 1 | K61: =FR3_SI!D16 -> 0 | L61: IEC 62443-4-2 | M61: =FR3_SI!A15 -> SAR | N61: =FR3_SI!B15 -> 3.2 | O61: No | P61: =IF(ISNUMBER(SEARCH(" ",M61)),CONCATENATE(MID(N61,1,LEN(N61)-2)," ",LEFT(M61,FIND(" ",M61)-1)),CONCATENATE(N61," ",M61)) -> 3.2 SAR
A62: 61 | B62: =CONCATENATE(L62," - ",N62," ",M62) -> IEC 62443-4-2 - 3.2 EDR | C62: =FR3_SI!D20 -> Supported with some restrictions/partly needs clarifications | D62: IEC62443-4-2 | E62: =E61 -> FR 3 - System integrity (SI) | F62: 3.02 EDR | G62: =IF(ISNUMBER(SEARCH(" ",M62)),CONCATENATE("RE(",RIGHT(N62),")"),"n/a") -> n/a | H62: =FR3_SI!C18 -> Protection from malicious code | I62: =FR3_SI!C19 -> The embedded device shall provide the capability to protect from installation and execution of unauthorized software. | J62: =FR3_SI!J20 -> 1 | K62: =FR3_SI!D19 -> MCSR for products just require scanning of SW packages Malware scanning is different from authorization of software to be executed! | L62: IEC 62443-4-2 | M62: =FR3_SI!A18 -> EDR | N62: =FR3_SI!B18 -> 3.2 | O62: No | P62: =IF(ISNUMBER(SEARCH(" ",M62)),CONCATENATE(MID(N62,1,LEN(N62)-2)," ",LEFT(M62,FIND(" ",M62)-1)),CONCATENATE(N62," ",M62)) -> 3.2 EDR
A63: 62 | B63: =CONCATENATE(L63," - ",N63," ",M63) -> IEC 62443-4-2 - 3.2 HDR | C63: =FR3_SI!D23 -> 0 | D63: IEC62443-4-2 | E63: =E62 -> FR 3 - System integrity (SI) | F63: 3.02 HDR | G63: =IF(ISNUMBER(SEARCH(" ",M63)),CONCATENATE("RE(",RIGHT(N63),")"),"n/a") -> n/a | H63: =FR3_SI!C21 -> Protection from malicious code | I63: =FR3_SI!C22 -> There shall be mechanisms on host devices that are qualified by the IACS product supplier to provide protection from malicious code. The IACS product supplier shall document any special configuration requirements related to protection from malicious code. | J63: =FR3_SI!J23 -> 1 | K63: =FR3_SI!D22 -> 0 | L63: IEC 62443-4-2 | M63: =FR3_SI!A21 -> HDR | N63: =FR3_SI!B21 -> 3.2 | O63: No | P63: =IF(ISNUMBER(SEARCH(" ",M63)),CONCATENATE(MID(N63,1,LEN(N63)-2)," ",LEFT(M63,FIND(" ",M63)-1)),CONCATENATE(N63," ",M63)) -> 3.2 HDR
A64: 63 | B64: =CONCATENATE(L64," - ",N64," ",M64) -> IEC 62443-4-2 - 3.2.1 HDR RE | C64: =FR3_SI!D26 -> 0 | D64: IEC62443-4-2 | E64: =E63 -> FR 3 - System integrity (SI) | F64: 3.02 HDR | G64: =IF(ISNUMBER(SEARCH(" ",M64)),CONCATENATE("RE(",RIGHT(N64),")"),"n/a") -> RE(1) | H64: =FR3_SI!C24 -> Report version of code protection | I64: =FR3_SI!C25 -> The host device shall automatically report the software and file versions of protection from malicious code in use (as part of overall logging function). | J64: =FR3_SI!J26 -> 2 | K64: =FR3_SI!D25 -> 0 | L64: IEC 62443-4-2 | M64: =FR3_SI!A24 -> HDR RE | N64: =FR3_SI!B24 -> 3.2.1 | O64: No | P64: =IF(ISNUMBER(SEARCH(" ",M64)),CONCATENATE(MID(N64,1,LEN(N64)-2)," ",LEFT(M64,FIND(" ",M64)-1)),CONCATENATE(N64," ",M64)) -> 3.2 HDR
A65: 64 | B65: =CONCATENATE(L65," - ",N65," ",M65) -> IEC 62443-4-2 - 3.2 NDR | C65: =FR3_SI!D29 -> 0 | D65: IEC62443-4-2 | E65: =E64 -> FR 3 - System integrity (SI) | F65: 3.02 NDR | G65: =IF(ISNUMBER(SEARCH(" ",M65)),CONCATENATE("RE(",RIGHT(N65),")"),"n/a") -> n/a | H65: =FR3_SI!C27 -> Protection from malicious code | I65: =FR3_SI!C28 -> The network device shall provide for protection from malicious code | J65: =FR3_SI!J29 -> 1 | K65: =FR3_SI!D28 -> 0 | L65: IEC 62443-4-2 | M65: =FR3_SI!A27 -> NDR | N65: =FR3_SI!B27 -> 3.2 | O65: No | P65: =IF(ISNUMBER(SEARCH(" ",M65)),CONCATENATE(MID(N65,1,LEN(N65)-2)," ",LEFT(M65,FIND(" ",M65)-1)),CONCATENATE(N65," ",M65)) -> 3.2 NDR
A66: 65 | B66: =CONCATENATE(L66," - ",N66," ",M66) -> IEC 62443-4-2 - 3.3 CR | C66: =FR3_SI!D32 -> 0 | D66: IEC62443-4-2 | E66: =E65 -> FR 3 - System integrity (SI) | F66: 3.03 CR | G66: =IF(ISNUMBER(SEARCH(" ",M66)),CONCATENATE("RE(",RIGHT(N66),")"),"n/a") -> n/a | H66: =FR3_SI!C30 -> Security functionality verification | I66: =FR3_SI!C31 -> Components shall provide the capability to support verification of the intended operation of security functions according to ISA‑62443‑3‑3 [11] SR3.3 | J66: =FR3_SI!J32 -> 1 | K66: =FR3_SI!D31 -> MP-07 is about documentation, not about components performing something | L66: IEC 62443-4-2 | M66: =FR3_SI!A30 -> CR | N66: =FR3_SI!B30 -> 3.3 | O66: No | P66: =IF(ISNUMBER(SEARCH(" ",M66)),CONCATENATE(MID(N66,1,LEN(N66)-2)," ",LEFT(M66,FIND(" ",M66)-1)),CONCATENATE(N66," ",M66)) -> 3.3 CR
A67: 66 | B67: =CONCATENATE(L67," - ",N67," ",M67) -> IEC 62443-4-2 - 3.3.1 CR RE | C67: =FR3_SI!D35 -> 0 | D67: IEC62443-4-2 | E67: =E66 -> FR 3 - System integrity (SI) | F67: 3.03 CR | G67: =IF(ISNUMBER(SEARCH(" ",M67)),CONCATENATE("RE(",RIGHT(N67),")"),"n/a") -> RE(1) | H67: =FR3_SI!C33 -> Security functionality verification during normal operation | I67: =FR3_SI!C34 -> Components shall provide the capability to support verification of the intended operation of security functions during normal operations. NOTE This RE needs to be carefully implemented to avoid detrimental effects. It may not be suitable for safety systems. | J67: =FR3_SI!J35 -> 4 | K67: =FR3_SI!D34 -> 0 | L67: IEC 62443-4-2 | M67: =FR3_SI!A33 -> CR RE | N67: =FR3_SI!B33 -> 3.3.1 | O67: No | P67: =IF(ISNUMBER(SEARCH(" ",M67)),CONCATENATE(MID(N67,1,LEN(N67)-2)," ",LEFT(M67,FIND(" ",M67)-1)),CONCATENATE(N67," ",M67)) -> 3.3 CR
A68: 67 | B68: =CONCATENATE(L68," - ",N68," ",M68) -> IEC 62443-4-2 - 3.4 CR | C68: =FR3_SI!D43 -> Supported | D68: IEC62443-4-2 | E68: =E67 -> FR 3 - System integrity (SI) | F68: 3.04 CR | G68: =IF(ISNUMBER(SEARCH(" ",M68)),CONCATENATE("RE(",RIGHT(N68),")"),"n/a") -> n/a | H68: =FR3_SI!C36 -> Software and information integrity | I68: =FR3_SI!#REF! -> #REF! | J68: =FR3_SI!J43 -> 1 | K68: =FR3_SI!D37 -> MCSR MP-13.2 focuses on software packages, does not address "configuration and other information" and does not require reporting. Software must include updates as well. MP-7 is on documentation. | L68: IEC 62443-4-2 | M68: =FR3_SI!A36 -> CR | N68: =FR3_SI!B36 -> 3.4 | O68: No | P68: =IF(ISNUMBER(SEARCH(" ",M68)),CONCATENATE(MID(N68,1,LEN(N68)-2)," ",LEFT(M68,FIND(" ",M68)-1)),CONCATENATE(N68," ",M68)) -> 3.4 CR
A69: 68 | B69: =CONCATENATE(L69," - ",N69," ",M69) -> IEC 62443-4-2 - 3.4.1 CR RE | C69: =FR3_SI!D51 -> Supported | D69: IEC62443-4-2 | E69: =E68 -> FR 3 - System integrity (SI) | F69: 3.04 CR | G69: =IF(ISNUMBER(SEARCH(" ",M69)),CONCATENATE("RE(",RIGHT(N69),")"),"n/a") -> RE(1) | H69: =FR3_SI!C44 -> Authenticity of software and information | I69: =FR3_SI!#REF! -> #REF! | J69: =FR3_SI!J51 -> 2 | K69: =FR3_SI!#REF! -> #REF! | L69: IEC 62443-4-2 | M69: =FR3_SI!A44 -> CR RE | N69: =FR3_SI!B44 -> 3.4.1 | O69: No | P69: =IF(ISNUMBER(SEARCH(" ",M69)),CONCATENATE(MID(N69,1,LEN(N69)-2)," ",LEFT(M69,FIND(" ",M69)-1)),CONCATENATE(N69," ",M69)) -> 3.4 CR
A70: 69 | B70: =CONCATENATE(L70," - ",N70," ",M70) -> IEC 62443-4-2 - 3.4.2 CR RE | C70: =FR3_SI!D54 -> 0 | D70: IEC62443-4-2 | E70: =E69 -> FR 3 - System integrity (SI) | F70: 3.04 CR | G70: =IF(ISNUMBER(SEARCH(" ",M70)),CONCATENATE("RE(",RIGHT(N70),")"),"n/a") -> RE(2) | H70: =FR3_SI!C52 -> Automated notification of integrity violations | I70: =FR3_SI!C53 -> If the component is performing the integrity check, it shall be capable of automatically providing notification to a configurable entity upon discovery of an attempt to make an unauthorized change. | J70: =FR3_SI!J54 -> 3 | K70: =FR3_SI!D53 -> 0 | L70: IEC 62443-4-2 | M70: =FR3_SI!A52 -> CR RE | N70: =FR3_SI!B52 -> 3.4.2 | O70: No | P70: =IF(ISNUMBER(SEARCH(" ",M70)),CONCATENATE(MID(N70,1,LEN(N70)-2)," ",LEFT(M70,FIND(" ",M70)-1)),CONCATENATE(N70," ",M70)) -> 3.4 CR
A71: 70 | B71: =CONCATENATE(L71," - ",N71," ",M71) -> IEC 62443-4-2 - 3.5 CR | C71: =FR3_SI!D57 -> Supported | D71: IEC62443-4-2 | E71: =E70 -> FR 3 - System integrity (SI) | F71: 3.05 CR | G71: =IF(ISNUMBER(SEARCH(" ",M71)),CONCATENATE("RE(",RIGHT(N71),")"),"n/a") -> n/a | H71: =FR3_SI!C55 -> Input validation | I71: =FR3_SI!C56 -> Components shall validate the syntax, length and content of any input data that is used as an industrial process control input or input via external interfaces that directly impacts the action of the component. | J71: =FR3_SI!J57 -> 1 | K71: =FR3_SI!D56 -> Partially addressed by DSAC, should this be kept or not? Could give a wrong signal… an equivalent is in security assessment list. Suggestion is to keep it, but it may be perceived as raising the bar… | L71: IEC 62443-4-2 | M71: =FR3_SI!A55 -> CR | N71: =FR3_SI!B55 -> 3.5 | O71: No | P71: =IF(ISNUMBER(SEARCH(" ",M71)),CONCATENATE(MID(N71,1,LEN(N71)-2)," ",LEFT(M71,FIND(" ",M71)-1)),CONCATENATE(N71," ",M71)) -> 3.5 CR
A72: 71 | B72: =CONCATENATE(L72," - ",N72," ",M72) -> IEC 62443-4-2 - 3.6 CR | C72: =FR3_SI!D60 -> 0 | D72: IEC62443-4-2 | E72: =E71 -> FR 3 - System integrity (SI) | F72: 3.06 CR | G72: =IF(ISNUMBER(SEARCH(" ",M72)),CONCATENATE("RE(",RIGHT(N72),")"),"n/a") -> n/a | H72: =FR3_SI!C58 -> Deterministic output | I72: =FR3_SI!C59 -> Components that physically or logically connect to an automation process shall provide the capability to set outputs to a predetermined state if normal operation as defined by the component supplier cannot be maintained. | J72: =FR3_SI!J60 -> 1 | K72: =FR3_SI!D59 -> 0 | L72: IEC 62443-4-2 | M72: =FR3_SI!A58 -> CR | N72: =FR3_SI!B58 -> 3.6 | O72: No | P72: =IF(ISNUMBER(SEARCH(" ",M72)),CONCATENATE(MID(N72,1,LEN(N72)-2)," ",LEFT(M72,FIND(" ",M72)-1)),CONCATENATE(N72," ",M72)) -> 3.6 CR
A73: 72 | B73: =CONCATENATE(L73," - ",N73," ",M73) -> IEC 62443-4-2 - 3.7 CR | C73: =FR3_SI!D63 -> Supported | D73: IEC62443-4-2 | E73: =E72 -> FR 3 - System integrity (SI) | F73: 3.07 CR | G73: =IF(ISNUMBER(SEARCH(" ",M73)),CONCATENATE("RE(",RIGHT(N73),")"),"n/a") -> n/a | H73: =FR3_SI!C61 -> Error handling | I73: =FR3_SI!C62 -> Components shall identify and handle error conditions in a manner that does not provide information that could be exploited by adversaries to attack the IACS. | J73: =FR3_SI!J63 -> 1 | K73: =FR3_SI!D62 -> 0 | L73: IEC 62443-4-2 | M73: =FR3_SI!A61 -> CR | N73: =FR3_SI!B61 -> 3.7 | O73: No | P73: =IF(ISNUMBER(SEARCH(" ",M73)),CONCATENATE(MID(N73,1,LEN(N73)-2)," ",LEFT(M73,FIND(" ",M73)-1)),CONCATENATE(N73," ",M73)) -> 3.7 CR
A74: 73 | B74: =CONCATENATE(L74," - ",N74," ",M74) -> IEC 62443-4-2 - 3.8 CR | C74: =FR3_SI!D68 -> Supported | D74: IEC62443-4-2 | E74: =E73 -> FR 3 - System integrity (SI) | F74: 3.08 CR | G74: =IF(ISNUMBER(SEARCH(" ",M74)),CONCATENATE("RE(",RIGHT(N74),")"),"n/a") -> n/a | H74: =FR3_SI!C64 -> Session Integrity | I74: =FR3_SI!C65 -> Components shall provide mechanisms to protect the integrity of communications sessions including: a) the capability to invalidate session identifiers upon user logout or other session termination (including browser sessions); | J74: =FR3_SI!J68 -> 2 | K74: =FR3_SI!D65 -> Relates to input validation / communication robustness, as well as secure protocols | L74: IEC 62443-4-2 | M74: =FR3_SI!A64 -> CR | N74: =FR3_SI!B64 -> 3.8 | O74: No | P74: =IF(ISNUMBER(SEARCH(" ",M74)),CONCATENATE(MID(N74,1,LEN(N74)-2)," ",LEFT(M74,FIND(" ",M74)-1)),CONCATENATE(N74," ",M74)) -> 3.8 CR
A75: 74 | B75: =CONCATENATE(L75," - ",N75," ",M75) -> IEC 62443-4-2 - 3.9 CR | C75: =FR3_SI!D71 -> 0 | D75: IEC62443-4-2 | E75: =E74 -> FR 3 - System integrity (SI) | F75: 3.09 CR | G75: =IF(ISNUMBER(SEARCH(" ",M75)),CONCATENATE("RE(",RIGHT(N75),")"),"n/a") -> n/a | H75: =FR3_SI!C69 -> Protection of audit information | I75: =FR3_SI!C70 -> Components shall protect audit information, audit logs, and audit tools (if present) from unauthorized access, modification and deletion. | J75: =FR3_SI!J71 -> 2 | K75: =FR3_SI!D70 -> 0 | L75: IEC 62443-4-2 | M75: =FR3_SI!A69 -> CR | N75: =FR3_SI!B69 -> 3.9 | O75: No | P75: =IF(ISNUMBER(SEARCH(" ",M75)),CONCATENATE(MID(N75,1,LEN(N75)-2)," ",LEFT(M75,FIND(" ",M75)-1)),CONCATENATE(N75," ",M75)) -> 3.9 CR
A76: 75 | B76: =CONCATENATE(L76," - ",N76," ",M76) -> IEC 62443-4-2 - 3.9.1 CR RE | C76: =FR3_SI!D74 -> 0 | D76: IEC62443-4-2 | E76: =E75 -> FR 3 - System integrity (SI) | F76: 3.09 CR | G76: =IF(ISNUMBER(SEARCH(" ",M76)),CONCATENATE("RE(",RIGHT(N76),")"),"n/a") -> RE(1) | H76: =FR3_SI!C72 -> Audit records on write-once media | I76: =FR3_SI!C73 -> Components shall provide the capability to store audit records on hardware-enforced write-once media. | J76: =FR3_SI!J74 -> 4 | K76: =FR3_SI!D73 -> 0 | L76: IEC 62443-4-2 | M76: =FR3_SI!A72 -> CR RE | N76: =FR3_SI!B72 -> 3.9.1 | O76: No | P76: =IF(ISNUMBER(SEARCH(" ",M76)),CONCATENATE(MID(N76,1,LEN(N76)-2)," ",LEFT(M76,FIND(" ",M76)-1)),CONCATENATE(N76," ",M76)) -> 3.9 CR
A77: 76 | B77: =CONCATENATE(L77," - ",N77," ",M77) -> IEC 62443-4-2 - 3.10 EDR | C77: =FR3_SI!D77 -> Supported | D77: IEC62443-4-2 | E77: =E76 -> FR 3 - System integrity (SI) | F77: 3.10 EDR | G77: =IF(ISNUMBER(SEARCH(" ",M77)),CONCATENATE("RE(",RIGHT(N77),")"),"n/a") -> n/a | H77: =FR3_SI!C75 -> Support for updates | I77: =FR3_SI!C76 -> The embedded device shall support the ability to be updated and upgraded. | J77: =FR3_SI!J77 -> 1 | K77: =FR3_SI!D76 -> 0 | L77: IEC 62443-4-2 | M77: =FR3_SI!A75 -> EDR | N77: =FR3_SI!B75 -> 3.10 | O77: No | P77: =IF(ISNUMBER(SEARCH(" ",M77)),CONCATENATE(MID(N77,1,LEN(N77)-2)," ",LEFT(M77,FIND(" ",M77)-1)),CONCATENATE(N77," ",M77)) -> 3.10 EDR
A78: 77 | B78: =CONCATENATE(L78," - ",N78," ",M78) -> IEC 62443-4-2 - 3.10.1 EDR RE | C78: =FR3_SI!D80 -> Supported with some restrictions/partly needs clarifications | D78: IEC62443-4-2 | E78: =E77 -> FR 3 - System integrity (SI) | F78: 3.10 EDR | G78: =IF(ISNUMBER(SEARCH(" ",M78)),CONCATENATE("RE(",RIGHT(N78),")"),"n/a") -> RE(1) | H78: =FR3_SI!C78 -> Update authenticity and integrity | I78: =FR3_SI!C79 -> The embedded device shall validate the authenticity and integrity of any software update or upgrade prior to installation. | J78: =FR3_SI!J80 -> 2 | K78: =FR3_SI!D79 -> MCSR would allow to provide a hash code to provide integrity and authenticity(provided the hash code was downloaded from ABB.com) | L78: IEC 62443-4-2 | M78: =FR3_SI!A78 -> EDR RE | N78: =FR3_SI!B78 -> 3.10.1 | O78: No | P78: =IF(ISNUMBER(SEARCH(" ",M78)),CONCATENATE(MID(N78,1,LEN(N78)-2)," ",LEFT(M78,FIND(" ",M78)-1)),CONCATENATE(N78," ",M78)) -> 3.10 EDR
A79: 78 | B79: =CONCATENATE(L79," - ",N79," ",M79) -> IEC 62443-4-2 - 3.10 HDR | C79: =FR3_SI!D83 -> 0 | D79: IEC62443-4-2 | E79: =E78 -> FR 3 - System integrity (SI) | F79: 3.10 HDR | G79: =IF(ISNUMBER(SEARCH(" ",M79)),CONCATENATE("RE(",RIGHT(N79),")"),"n/a") -> n/a | H79: =FR3_SI!C81 -> Support for updates | I79: =FR3_SI!C82 -> Host devices shall support the ability to be updated and upgraded. | J79: =FR3_SI!J83 -> 1 | K79: =FR3_SI!D82 -> 0 | L79: IEC 62443-4-2 | M79: =FR3_SI!A81 -> HDR | N79: =FR3_SI!B81 -> 3.10 | O79: No | P79: =IF(ISNUMBER(SEARCH(" ",M79)),CONCATENATE(MID(N79,1,LEN(N79)-2)," ",LEFT(M79,FIND(" ",M79)-1)),CONCATENATE(N79," ",M79)) -> 3.10 HDR
A80: 79 | B80: =CONCATENATE(L80," - ",N80," ",M80) -> IEC 62443-4-2 - 3.10.1 HDR RE | C80: =FR3_SI!D86 -> 0 | D80: IEC62443-4-2 | E80: =E79 -> FR 3 - System integrity (SI) | F80: 3.10 HDR | G80: =IF(ISNUMBER(SEARCH(" ",M80)),CONCATENATE("RE(",RIGHT(N80),")"),"n/a") -> RE(1) | H80: =FR3_SI!C84 -> Update authenticity and integrity | I80: =FR3_SI!C85 -> Host devices shall validate the authenticity and integrity of any software update or upgrade prior to installation. | J80: =FR3_SI!J86 -> 3 | K80: =FR3_SI!D85 -> 0 | L80: IEC 62443-4-2 | M80: =FR3_SI!A84 -> HDR RE | N80: =FR3_SI!B84 -> 3.10.1 | O80: No | P80: =IF(ISNUMBER(SEARCH(" ",M80)),CONCATENATE(MID(N80,1,LEN(N80)-2)," ",LEFT(M80,FIND(" ",M80)-1)),CONCATENATE(N80," ",M80)) -> 3.10 HDR
A81: 80 | B81: =CONCATENATE(L81," - ",N81," ",M81) -> IEC 62443-4-2 - 3.10 NDR | C81: =FR3_SI!D89 -> 0 | D81: IEC62443-4-2 | E81: =E80 -> FR 3 - System integrity (SI) | F81: 3.10 NDR | G81: =IF(ISNUMBER(SEARCH(" ",M81)),CONCATENATE("RE(",RIGHT(N81),")"),"n/a") -> n/a | H81: =FR3_SI!C87 -> Support for updates | I81: =FR3_SI!C88 -> Network devices shall support the ability to be updated and upgraded. | J81: =FR3_SI!J89 -> 1 | K81: =FR3_SI!D88 -> 0 | L81: IEC 62443-4-2 | M81: =FR3_SI!A87 -> NDR | N81: =FR3_SI!B87 -> 3.10 | O81: No | P81: =IF(ISNUMBER(SEARCH(" ",M81)),CONCATENATE(MID(N81,1,LEN(N81)-2)," ",LEFT(M81,FIND(" ",M81)-1)),CONCATENATE(N81," ",M81)) -> 3.10 NDR
A82: 81 | B82: =CONCATENATE(L82," - ",N82," ",M82) -> IEC 62443-4-2 - 3.10.1 NDR RE | C82: =FR3_SI!D92 -> 0 | D82: IEC62443-4-2 | E82: =E81 -> FR 3 - System integrity (SI) | F82: 3.10 NDR | G82: =IF(ISNUMBER(SEARCH(" ",M82)),CONCATENATE("RE(",RIGHT(N82),")"),"n/a") -> RE(1) | H82: =FR3_SI!C90 -> Update authenticity and integrity | I82: =FR3_SI!C91 -> Network devices shall validate the authenticity and integrity of any software update or upgrade prior to installation. | J82: =FR3_SI!J92 -> 2 | K82: =FR3_SI!D91 -> 0 | L82: IEC 62443-4-2 | M82: =FR3_SI!A90 -> NDR RE | N82: =FR3_SI!B90 -> 3.10.1 | O82: No | P82: =IF(ISNUMBER(SEARCH(" ",M82)),CONCATENATE(MID(N82,1,LEN(N82)-2)," ",LEFT(M82,FIND(" ",M82)-1)),CONCATENATE(N82," ",M82)) -> 3.10 NDR
A83: 82 | B83: =CONCATENATE(L83," - ",N83," ",M83) -> IEC 62443-4-2 - 3.11 EDR | C83: =FR3_SI!D95 -> 0 | D83: IEC62443-4-2 | E83: =E82 -> FR 3 - System integrity (SI) | F83: 3.11 EDR | G83: =IF(ISNUMBER(SEARCH(" ",M83)),CONCATENATE("RE(",RIGHT(N83),")"),"n/a") -> n/a | H83: =FR3_SI!C93 -> Physical tamper resistance and detection | I83: =FR3_SI!C94 -> The embedded device shall provide tamper resistance and detection mechanisms to protect against unauthorized physical access into the device | J83: =FR3_SI!J95 -> 2 | K83: =FR3_SI!D94 -> 0 | L83: IEC 62443-4-2 | M83: =FR3_SI!A93 -> EDR | N83: =FR3_SI!B93 -> 3.11 | O83: No | P83: =IF(ISNUMBER(SEARCH(" ",M83)),CONCATENATE(MID(N83,1,LEN(N83)-2)," ",LEFT(M83,FIND(" ",M83)-1)),CONCATENATE(N83," ",M83)) -> 3.11 EDR
A84: 83 | B84: =CONCATENATE(L84," - ",N84," ",M84) -> IEC 62443-4-2 - 3.11.1 EDR RE | C84: =FR3_SI!D98 -> 0 | D84: IEC62443-4-2 | E84: =E83 -> FR 3 - System integrity (SI) | F84: 3.11 EDR | G84: =IF(ISNUMBER(SEARCH(" ",M84)),CONCATENATE("RE(",RIGHT(N84),")"),"n/a") -> RE(1) | H84: =FR3_SI!C96 -> Notification of a tampering attempt | I84: =FR3_SI!C97 -> The embedded device shall be capable of automatically providing notification to a configurable set of recipients upon discovery of an attempt to make an unauthorized physical access. All notifications of tampering shall be logged as part of the overall audit logging function. | J84: =FR3_SI!J98 -> 3 | K84: =FR3_SI!D97 -> 0 | L84: IEC 62443-4-2 | M84: =FR3_SI!A96 -> EDR RE | N84: =FR3_SI!B96 -> 3.11.1 | O84: No | P84: =IF(ISNUMBER(SEARCH(" ",M84)),CONCATENATE(MID(N84,1,LEN(N84)-2)," ",LEFT(M84,FIND(" ",M84)-1)),CONCATENATE(N84," ",M84)) -> 3.11 EDR
A85: 84 | B85: =CONCATENATE(L85," - ",N85," ",M85) -> IEC 62443-4-2 - 3.11 HDR | C85: =FR3_SI!D101 -> 0 | D85: IEC62443-4-2 | E85: =E84 -> FR 3 - System integrity (SI) | F85: 3.11 HDR | G85: =IF(ISNUMBER(SEARCH(" ",M85)),CONCATENATE("RE(",RIGHT(N85),")"),"n/a") -> n/a | H85: =FR3_SI!C99 -> Physical tamper resistance and detection | I85: =FR3_SI!C100 -> Host devices shall provide the capability to support tamper resistance and detection mechanisms to protect against unauthorized physical access into the device. | J85: =FR3_SI!J101 -> 2 | K85: =FR3_SI!D100 -> 0 | L85: IEC 62443-4-2 | M85: =FR3_SI!A99 -> HDR | N85: =FR3_SI!B99 -> 3.11 | O85: No | P85: =IF(ISNUMBER(SEARCH(" ",M85)),CONCATENATE(MID(N85,1,LEN(N85)-2)," ",LEFT(M85,FIND(" ",M85)-1)),CONCATENATE(N85," ",M85)) -> 3.11 HDR
A86: 85 | B86: =CONCATENATE(L86," - ",N86," ",M86) -> IEC 62443-4-2 - 3.11.1 HDR RE | C86: =FR3_SI!D104 -> 0 | D86: IEC62443-4-2 | E86: =E85 -> FR 3 - System integrity (SI) | F86: 3.11 HDR | G86: =IF(ISNUMBER(SEARCH(" ",M86)),CONCATENATE("RE(",RIGHT(N86),")"),"n/a") -> RE(1) | H86: =FR3_SI!C102 -> Notification of a tampering attempt | I86: =FR3_SI!C103 -> Host devices shall be capable of automatically providing notification to a configurable set of recipients upon discovery of an attempt to make an unauthorized physical access. All notifications of tampering shall be logged as part of the overall audit logging function. | J86: =FR3_SI!J104 -> 3 | K86: =FR3_SI!D103 -> 0 | L86: IEC 62443-4-2 | M86: =FR3_SI!A102 -> HDR RE | N86: =FR3_SI!B102 -> 3.11.1 | O86: No | P86: =IF(ISNUMBER(SEARCH(" ",M86)),CONCATENATE(MID(N86,1,LEN(N86)-2)," ",LEFT(M86,FIND(" ",M86)-1)),CONCATENATE(N86," ",M86)) -> 3.11 HDR
A87: 86 | B87: =CONCATENATE(L87," - ",N87," ",M87) -> IEC 62443-4-2 - 3.11 NDR | C87: =FR3_SI!D107 -> 0 | D87: IEC62443-4-2 | E87: =E86 -> FR 3 - System integrity (SI) | F87: 3.11 NDR | G87: =IF(ISNUMBER(SEARCH(" ",M87)),CONCATENATE("RE(",RIGHT(N87),")"),"n/a") -> n/a | H87: =FR3_SI!C105 -> Physical tamper resistance and detection | I87: =FR3_SI!C106 -> Network devices shall provide tamper resistance and detection mechanisms to protect against unauthorized physical access into the device. | J87: =FR3_SI!J107 -> 2 | K87: =FR3_SI!D106 -> 0 | L87: IEC 62443-4-2 | M87: =FR3_SI!A105 -> NDR | N87: =FR3_SI!B105 -> 3.11 | O87: No | P87: =IF(ISNUMBER(SEARCH(" ",M87)),CONCATENATE(MID(N87,1,LEN(N87)-2)," ",LEFT(M87,FIND(" ",M87)-1)),CONCATENATE(N87," ",M87)) -> 3.11 NDR
A88: 87 | B88: =CONCATENATE(L88," - ",N88," ",M88) -> IEC 62443-4-2 - 3.11.1 NDR RE | C88: =FR3_SI!D110 -> 0 | D88: IEC62443-4-2 | E88: =E87 -> FR 3 - System integrity (SI) | F88: 3.11 NDR | G88: =IF(ISNUMBER(SEARCH(" ",M88)),CONCATENATE("RE(",RIGHT(N88),")"),"n/a") -> RE(1) | H88: =FR3_SI!C108 -> Notification of a tampering attempt | I88: =FR3_SI!C109 -> Network devices shall be capable of automatically providing notification to a configurable set of recipients upon discovery of an attempt to make an unauthorized physical access. All notifications of tampering shall be logged as part of the overall audit logging function. | J88: =FR3_SI!J110 -> 3 | K88: =FR3_SI!D109 -> 0 | L88: IEC 62443-4-2 | M88: =FR3_SI!A108 -> NDR RE | N88: =FR3_SI!B108 -> 3.11.1 | O88: No | P88: =IF(ISNUMBER(SEARCH(" ",M88)),CONCATENATE(MID(N88,1,LEN(N88)-2)," ",LEFT(M88,FIND(" ",M88)-1)),CONCATENATE(N88," ",M88)) -> 3.11 NDR
A89: 88 | B89: =CONCATENATE(L89," - ",N89," ",M89) -> IEC 62443-4-2 - 3.12 EDR | C89: =FR3_SI!D113 -> Supported with some restrictions/partly needs clarifications | D89: IEC62443-4-2 | E89: =E88 -> FR 3 - System integrity (SI) | F89: 3.12 EDR | G89: =IF(ISNUMBER(SEARCH(" ",M89)),CONCATENATE("RE(",RIGHT(N89),")"),"n/a") -> n/a | H89: =FR3_SI!C111 -> Provisioning product supplier roots of trust | I89: =FR3_SI!C112 -> Embedded devices shall provide the capability to provision and protect the confidentiality, integrity, and authenticity of product supplier keys and data to be used as one or more “roots of trust” at the time of manufacture of the device. | J89: =FR3_SI!J113 -> 2 | K89: =FR3_SI!D112 -> MCSR does not require a supplier root of trust, like 802.1 AR (IDevID) Only required for Internet-facing according to MCSR1.0 | L89: IEC 62443-4-2 | M89: =FR3_SI!A111 -> EDR | N89: =FR3_SI!B111 -> 3.12 | O89: No | P89: =IF(ISNUMBER(SEARCH(" ",M89)),CONCATENATE(MID(N89,1,LEN(N89)-2)," ",LEFT(M89,FIND(" ",M89)-1)),CONCATENATE(N89," ",M89)) -> 3.12 EDR
A90: 89 | B90: =CONCATENATE(L90," - ",N90," ",M90) -> IEC 62443-4-2 - 3.12 HDR | C90: =FR3_SI!D116 -> 0 | D90: IEC62443-4-2 | E90: =E89 -> FR 3 - System integrity (SI) | F90: 3.12 HDR | G90: =IF(ISNUMBER(SEARCH(" ",M90)),CONCATENATE("RE(",RIGHT(N90),")"),"n/a") -> n/a | H90: =FR3_SI!C114 -> Provisioning product supplier roots of trust | I90: =FR3_SI!C115 -> Host devices shall provide the capability to provision and protect the confidentiality, integrity, and authenticity of product supplier keys and data to be used as one or more “roots of trust” at the time of manufacture of the device. | J90: =FR3_SI!J116 -> 2 | K90: =FR3_SI!D115 -> Only required for Internet-facing according to MCSR1.0 | L90: IEC 62443-4-2 | M90: =FR3_SI!A114 -> HDR | N90: =FR3_SI!B114 -> 3.12 | O90: No | P90: =IF(ISNUMBER(SEARCH(" ",M90)),CONCATENATE(MID(N90,1,LEN(N90)-2)," ",LEFT(M90,FIND(" ",M90)-1)),CONCATENATE(N90," ",M90)) -> 3.12 HDR
A91: 90 | B91: =CONCATENATE(L91," - ",N91," ",M91) -> IEC 62443-4-2 - 3.12 NDR | C91: =FR3_SI!D119 -> 0 | D91: IEC62443-4-2 | E91: =E90 -> FR 3 - System integrity (SI) | F91: 3.12 NDR | G91: =IF(ISNUMBER(SEARCH(" ",M91)),CONCATENATE("RE(",RIGHT(N91),")"),"n/a") -> n/a | H91: =FR3_SI!C117 -> Provisioning product supplier roots of trust | I91: =FR3_SI!C118 -> Network devices shall provide the capability to provision and protect the confidentiality, integrity, and authenticity of product supplier keys and data to be used as one or more “roots of trust” at the time of manufacture of the device. | J91: =FR3_SI!J119 -> 2 | K91: =FR3_SI!D118 -> 0 | L91: IEC 62443-4-2 | M91: =FR3_SI!A117 -> NDR | N91: =FR3_SI!B117 -> 3.12 | O91: No | P91: =IF(ISNUMBER(SEARCH(" ",M91)),CONCATENATE(MID(N91,1,LEN(N91)-2)," ",LEFT(M91,FIND(" ",M91)-1)),CONCATENATE(N91," ",M91)) -> 3.12 NDR
A92: 91 | B92: =CONCATENATE(L92," - ",N92," ",M92) -> IEC 62443-4-2 - 3.13 EDR | C92: =FR3_SI!D123 -> Supported with some restrictions/partly needs clarifications | D92: IEC62443-4-2 | E92: =E91 -> FR 3 - System integrity (SI) | F92: 3.13 EDR | G92: =IF(ISNUMBER(SEARCH(" ",M92)),CONCATENATE("RE(",RIGHT(N92),")"),"n/a") -> n/a | H92: =FR3_SI!C120 -> Provisioning asset owner roots of trust | I92: =FR3_SI!C121 -> Embedded devices shall a) provide the capability to provision and protect the confidentiality, integrity, and authenticity of asset owner keys and data to be used as “roots of trust” | J92: =FR3_SI!J123 -> 2 | K92: =FR3_SI!D121 -> 0 | L92: IEC 62443-4-2 | M92: =FR3_SI!A120 -> EDR | N92: =FR3_SI!B120 -> 3.13 | O92: No | P92: =IF(ISNUMBER(SEARCH(" ",M92)),CONCATENATE(MID(N92,1,LEN(N92)-2)," ",LEFT(M92,FIND(" ",M92)-1)),CONCATENATE(N92," ",M92)) -> 3.13 EDR
A93: 92 | B93: =CONCATENATE(L93," - ",N93," ",M93) -> IEC 62443-4-2 - 3.13 HDR | C93: =FR3_SI!D127 -> Supported | D93: IEC62443-4-2 | E93: =E92 -> FR 3 - System integrity (SI) | F93: 3.13 HDR | G93: =IF(ISNUMBER(SEARCH(" ",M93)),CONCATENATE("RE(",RIGHT(N93),")"),"n/a") -> n/a | H93: =FR3_SI!C124 -> Provisioning asset owner roots of trust | I93: =FR3_SI!C125 -> Host devices shall a) provide the capability to provision and protect the confidentiality, integrity, and authenticity of asset owner keys and data to be used as “roots of trust” | J93: =FR3_SI!J127 -> 2 | K93: =FR3_SI!D125 -> 0 | L93: IEC 62443-4-2 | M93: =FR3_SI!A124 -> HDR | N93: =FR3_SI!B124 -> 3.13 | O93: No | P93: =IF(ISNUMBER(SEARCH(" ",M93)),CONCATENATE(MID(N93,1,LEN(N93)-2)," ",LEFT(M93,FIND(" ",M93)-1)),CONCATENATE(N93," ",M93)) -> 3.13 HDR
A94: 93 | B94: =CONCATENATE(L94," - ",N94," ",M94) -> IEC 62443-4-2 - 3.13 NDR | C94: =FR3_SI!D131 -> 0 | D94: IEC62443-4-2 | E94: =E93 -> FR 3 - System integrity (SI) | F94: 3.13 NDR | G94: =IF(ISNUMBER(SEARCH(" ",M94)),CONCATENATE("RE(",RIGHT(N94),")"),"n/a") -> n/a | H94: =FR3_SI!C128 -> Provisioning asset owner roots of trust | I94: =FR3_SI!C129 -> Network devices shall a) provide the capability to provision and protect the confidentiality, integrity, and authenticity of asset owner keys and data to be used as “roots of trust” | J94: =FR3_SI!J131 -> 2 | K94: =FR3_SI!D129 -> 0 | L94: IEC 62443-4-2 | M94: =FR3_SI!A128 -> NDR | N94: =FR3_SI!B128 -> 3.13 | O94: No | P94: =IF(ISNUMBER(SEARCH(" ",M94)),CONCATENATE(MID(N94,1,LEN(N94)-2)," ",LEFT(M94,FIND(" ",M94)-1)),CONCATENATE(N94," ",M94)) -> 3.13 NDR
A95: 94 | B95: =CONCATENATE(L95," - ",N95," ",M95) -> IEC 62443-4-2 - 3.14 EDR | C95: =FR3_SI!D136 -> Supported with some restrictions/partly needs clarifications | D95: IEC62443-4-2 | E95: =E94 -> FR 3 - System integrity (SI) | F95: 3.14 EDR | G95: =IF(ISNUMBER(SEARCH(" ",M95)),CONCATENATE("RE(",RIGHT(N95),")"),"n/a") -> n/a | H95: =FR3_SI!C132 -> Integrity of the boot process | I95: =FR3_SI!C133 -> Embedded devices shall verify the integrity of the firmware needed for the component’s boot and runtime processes prior to use. | J95: =FR3_SI!J136 -> 1 | K95: =FR3_SI!D133 -> MCSR does not require secure boot for non Internet facing Solutions which is prerequisit for supplier root of trust | L95: IEC 62443-4-2 | M95: =FR3_SI!A132 -> EDR | N95: =FR3_SI!B132 -> 3.14 | O95: No | P95: =IF(ISNUMBER(SEARCH(" ",M95)),CONCATENATE(MID(N95,1,LEN(N95)-2)," ",LEFT(M95,FIND(" ",M95)-1)),CONCATENATE(N95," ",M95)) -> 3.14 EDR
A96: 95 | B96: =CONCATENATE(L96," - ",N96," ",M96) -> IEC 62443-4-2 - 3.14.1 EDR RE | C96: =FR3_SI!D139 -> 0 | D96: IEC62443-4-2 | E96: =E95 -> FR 3 - System integrity (SI) | F96: 3.14 EDR | G96: =IF(ISNUMBER(SEARCH(" ",M96)),CONCATENATE("RE(",RIGHT(N96),")"),"n/a") -> RE(1) | H96: =FR3_SI!C137 -> Authenticity of the boot process | I96: =FR3_SI!C138 -> Embedded devices shall use the component’s product supplier roots of trust to verify the authenticity of the firmware, software, and configuration data needed for the component’s boot process prior to it being used in the boot process. | J96: =FR3_SI!J139 -> 2 | K96: =FR3_SI!D138 -> 0 | L96: IEC 62443-4-2 | M96: =FR3_SI!A137 -> EDR RE | N96: =FR3_SI!B137 -> 3.14.1 | O96: No | P96: =IF(ISNUMBER(SEARCH(" ",M96)),CONCATENATE(MID(N96,1,LEN(N96)-2)," ",LEFT(M96,FIND(" ",M96)-1)),CONCATENATE(N96," ",M96)) -> 3.14 EDR
A97: 96 | B97: =CONCATENATE(L97," - ",N97," ",M97) -> IEC 62443-4-2 - 3.14 HDR | C97: =FR3_SI!D144 -> 0 | D97: IEC62443-4-2 | E97: =E96 -> FR 3 - System integrity (SI) | F97: 3.14 HDR | G97: =IF(ISNUMBER(SEARCH(" ",M97)),CONCATENATE("RE(",RIGHT(N97),")"),"n/a") -> n/a | H97: =FR3_SI!C140 -> Integrity of the boot process | I97: =FR3_SI!C141 -> Host devices shall verify the integrity of the firmware needed for component’s boot process prior to it being used in the boot process. | J97: =FR3_SI!J144 -> 1 | K97: =FR3_SI!D141 -> 0 | L97: IEC 62443-4-2 | M97: =FR3_SI!A140 -> HDR | N97: =FR3_SI!B140 -> 3.14 | O97: No | P97: =IF(ISNUMBER(SEARCH(" ",M97)),CONCATENATE(MID(N97,1,LEN(N97)-2)," ",LEFT(M97,FIND(" ",M97)-1)),CONCATENATE(N97," ",M97)) -> 3.14 HDR
A98: 97 | B98: =CONCATENATE(L98," - ",N98," ",M98) -> IEC 62443-4-2 - 3.14.1 HDR RE | C98: =FR3_SI!D147 -> 0 | D98: IEC62443-4-2 | E98: =E97 -> FR 3 - System integrity (SI) | F98: 3.14 HDR | G98: =IF(ISNUMBER(SEARCH(" ",M98)),CONCATENATE("RE(",RIGHT(N98),")"),"n/a") -> RE(1) | H98: =FR3_SI!C145 -> Authenticity of boot process | I98: =FR3_SI!C146 -> Host devices shall use the component’s product supplier roots of trust to verify the authenticity of the firmware, software, and configuration data needed for component’s boot process prior to it being used in the boot process. | J98: =FR3_SI!J147 -> 2 | K98: =FR3_SI!D146 -> 0 | L98: IEC 62443-4-2 | M98: =FR3_SI!A145 -> HDR RE | N98: =FR3_SI!B145 -> 3.14.1 | O98: No | P98: =IF(ISNUMBER(SEARCH(" ",M98)),CONCATENATE(MID(N98,1,LEN(N98)-2)," ",LEFT(M98,FIND(" ",M98)-1)),CONCATENATE(N98," ",M98)) -> 3.14 HDR
A99: 98 | B99: =CONCATENATE(L99," - ",N99," ",M99) -> IEC 62443-4-2 - 3.14 NDR | C99: =FR3_SI!D152 -> 0 | D99: IEC62443-4-2 | E99: =E98 -> FR 3 - System integrity (SI) | F99: 3.14 NDR | G99: =IF(ISNUMBER(SEARCH(" ",M99)),CONCATENATE("RE(",RIGHT(N99),")"),"n/a") -> n/a | H99: =FR3_SI!C148 -> Integrity of the boot process | I99: =FR3_SI!C149 -> Network devices shall verify the integrity of the firmware needed for the component’s boot and runtime processes prior to use. | J99: =FR3_SI!J152 -> 1 | K99: =FR3_SI!D149 -> 0 | L99: IEC 62443-4-2 | M99: =FR3_SI!A148 -> NDR | N99: =FR3_SI!B148 -> 3.14 | O99: No | P99: =IF(ISNUMBER(SEARCH(" ",M99)),CONCATENATE(MID(N99,1,LEN(N99)-2)," ",LEFT(M99,FIND(" ",M99)-1)),CONCATENATE(N99," ",M99)) -> 3.14 NDR
A100: 99 | B100: =CONCATENATE(L100," - ",N100," ",M100) -> IEC 62443-4-2 - 3.14.1 NDR RE | C100: =FR3_SI!D155 -> 0 | D100: IEC62443-4-2 | E100: =E99 -> FR 3 - System integrity (SI) | F100: 3.14 NDR | G100: =IF(ISNUMBER(SEARCH(" ",M100)),CONCATENATE("RE(",RIGHT(N100),")"),"n/a") -> RE(1) | H100: =FR3_SI!C153 -> Authenticity of boot process | I100: =FR3_SI!C154 -> Network devices shall use the component’s product supplier roots of trust to verity the authenticity of the firmware, software, and configuration data needed for component’s boot process prior to it being used in the boot process. | J100: =FR3_SI!J155 -> 2 | K100: =FR3_SI!D154 -> 0 | L100: IEC 62443-4-2 | M100: =FR3_SI!A153 -> NDR RE | N100: =FR3_SI!B153 -> 3.14.1 | O100: No | P100: =IF(ISNUMBER(SEARCH(" ",M100)),CONCATENATE(MID(N100,1,LEN(N100)-2)," ",LEFT(M100,FIND(" ",M100)-1)),CONCATENATE(N100," ",M100)) -> 3.14 NDR
...

Sheet Summary
A1: ID | B1: Title | C1: Rating | D1: Comments | E1: Reference | F1: Standard | G1: Req.1 | H1: Req.2 | I1: References | J1: Comment | K1: Ref. Status | L1: SL-C
A2: 1 | B2: =CONCATENATE(F2," - ",H2," ",G2) -> IEC 62443-4-2 - 1.1 CR | C2: =FR1_IAC!D11 -> 0 | D2: =FR1_IAC!D10 -> 0 | F2: IEC 62443-4-2 | G2: =FR1_IAC!A9 -> CR | H2: =FR1_IAC!B9 -> 1.1 | I2: No | L2: =FR1_IAC!J11 -> 1
A3: 2 | B3: =CONCATENATE(F3," - ",H3," ",G3) -> IEC 62443-4-2 - 1.1.1 CR RE | C3: =FR1_IAC!D14 -> 0 | D3: =FR1_IAC!D13 -> 0 | F3: IEC 62443-4-2 | G3: =FR1_IAC!A12 -> CR RE | H3: =FR1_IAC!B12 -> 1.1.1 | I3: No | L3: =FR1_IAC!J14 -> 2
A4: 3 | B4: =CONCATENATE(F4," - ",H4," ",G4) -> IEC 62443-4-2 - 1.1.2 CR RE | C4: =FR1_IAC!D17 -> 0 | D4: =FR1_IAC!D16 -> 0 | F4: IEC 62443-4-2 | G4: =FR1_IAC!A15 -> CR RE | H4: =FR1_IAC!B15 -> 1.1.2 | I4: No | L4: =FR1_IAC!J17 -> 3
A5: 4 | B5: =CONCATENATE(F5," - ",H5," ",G5) -> IEC 62443-4-2 - 1.2 CR | C5: =FR1_IAC!D20 -> 0 | D5: =FR1_IAC!D19 -> 0 | F5: IEC 62443-4-2 | G5: =FR1_IAC!A18 -> CR | H5: =FR1_IAC!B18 -> 1.2 | I5: No | L5: =FR1_IAC!J20 -> 2
A6: 5 | B6: =CONCATENATE(F6," - ",H6," ",G6) -> IEC 62443-4-2 - 1.2.1 CR RE | C6: =FR1_IAC!D23 -> 0 | D6: =FR1_IAC!D22 -> 0 | F6: IEC 62443-4-2 | G6: =FR1_IAC!A21 -> CR RE | H6: =FR1_IAC!B21 -> 1.2.1 | I6: No | L6: =FR1_IAC!J23 -> 3
A7: 6 | B7: =CONCATENATE(F7," - ",H7," ",G7) -> IEC 62443-4-2 - 1.3 CR | C7: =FR1_IAC!D26 -> Supported with some restrictions/partly needs clarifications | D7: =FR1_IAC!D25 -> MCSR has a "not" requirement. Improvement would be to write it positive like in 62443: Products should have Account- and Authenticator Management, adding accounts is not an MCSR. Note: -3-3 requirement is "The control system shall provide the capability to support the management of all accounts by authorized users, including adding, activating, modifying, disabling and removing accounts." ABB Acceptance: FAQ: all accounts: also includes debug/maintenance accounts. FAQ: all accounts: also includes single admin account with changeable password. FAQ: if there is no account, then there is nothing to manage | F7: IEC 62443-4-2 | G7: =FR1_IAC!A24 -> CR | H7: =FR1_IAC!B24 -> 1.3 | I7: No | L7: =FR1_IAC!J26 -> 1
A8: 7 | B8: =CONCATENATE(F8," - ",H8," ",G8) -> IEC 62443-4-2 - 1.4 CR | C8: =FR1_IAC!D29 -> 0 | D8: =FR1_IAC!D28 -> 0 | F8: IEC 62443-4-2 | G8: =FR1_IAC!A27 -> CR | H8: =FR1_IAC!B27 -> 1.4 | I8: No | L8: =FR1_IAC!J29 -> 1
A9: 8 | B9: =CONCATENATE(F9," - ",H9," ",G9) -> IEC 62443-4-2 - 1.5 CR | C9: =FR1_IAC!D35 -> Supported with some restrictions/partly needs clarifications | D9: =FR1_IAC!D31 -> This seems to be equivalent to our requirement that all passwords, keys, etc. (authenticators) shall be changeable. | F9: IEC 62443-4-2 | G9: =FR1_IAC!A30 -> CR | H9: =FR1_IAC!B30 -> 1.5 | I9: No | L9: =FR1_IAC!J35 -> 1
A10: 9 | B10: =CONCATENATE(F10," - ",H10," ",G10) -> IEC 62443-4-2 - 1.5.1 CR RE | C10: =FR1_IAC!D38 -> 0 | D10: =FR1_IAC!D37 -> 0 | F10: IEC 62443-4-2 | G10: =FR1_IAC!A36 -> CR RE | H10: =FR1_IAC!B36 -> 1.5.1 | I10: No | L10: =FR1_IAC!J38 -> 3
A11: 10 | B11: =CONCATENATE(F11," - ",H11," ",G11) -> IEC 62443-4-2 - 1.6 NDR | C11: =FR1_IAC!D41 -> 0 | D11: =FR1_IAC!D40 -> MCSR MP-15 is focusing on application layer protocols, while wireless protocols typically act on lower layers (e.g. 802.11 on layer 2 and 1). | F11: IEC 62443-4-2 | G11: =FR1_IAC!A39 -> NDR | H11: =FR1_IAC!B39 -> 1.6 | I11: No | L11: =FR1_IAC!J41 -> 1
A12: 11 | B12: =CONCATENATE(F12," - ",H12," ",G12) -> IEC 62443-4-2 - 1.6.1 NDR RE | C12: =FR1_IAC!D44 -> 0 | D12: =FR1_IAC!D43 -> MCSR MP-15 is focusing on application layer protocols, while wireless protocols typically act on lower layers (e.g. 802.11 on layer 2 and 1). | F12: IEC 62443-4-2 | G12: =FR1_IAC!A42 -> NDR RE | H12: =FR1_IAC!B42 -> 1.6.1 | I12: No | L12: =FR1_IAC!J44 -> 2
A13: 12 | B13: =CONCATENATE(F13," - ",H13," ",G13) -> IEC 62443-4-2 - 1.7 CR | C13: =FR1_IAC!D47 -> 0 | D13: =FR1_IAC!D46 -> 0 | F13: IEC 62443-4-2 | G13: =FR1_IAC!A45 -> CR | H13: =FR1_IAC!B45 -> 1.7 | I13: No | L13: =FR1_IAC!J47 -> 1
A14: 13 | B14: =CONCATENATE(F14," - ",H14," ",G14) -> IEC 62443-4-2 - 1.7.1 CR RE | C14: =FR1_IAC!D50 -> 0 | D14: =FR1_IAC!D49 -> 0 | F14: IEC 62443-4-2 | G14: =FR1_IAC!A48 -> CR RE | H14: =FR1_IAC!B48 -> 1.7.1 | I14: No | L14: =FR1_IAC!J50 -> 3
A15: 14 | B15: =CONCATENATE(F15," - ",H15," ",G15) -> IEC 62443-4-2 - 1.7.2 CR RE | C15: =FR1_IAC!D53 -> 0 | D15: =FR1_IAC!D52 -> 0 | F15: IEC 62443-4-2 | G15: =FR1_IAC!A51 -> CR RE | H15: =FR1_IAC!B51 -> 1.7.2 | I15: No | L15: =FR1_IAC!J53 -> 4
A16: 15 | B16: =CONCATENATE(F16," - ",H16," ",G16) -> IEC 62443-4-2 - 1.8 CR | C16: =FR1_IAC!D56 -> 0 | D16: =FR1_IAC!D55 -> 0 | F16: IEC 62443-4-2 | G16: =FR1_IAC!A54 -> CR | H16: =FR1_IAC!B54 -> 1.8 | I16: No | L16: =FR1_IAC!J56 -> 2
A17: 16 | B17: =CONCATENATE(F17," - ",H17," ",G17) -> IEC 62443-4-2 - 1.9 CR | C17: =FR1_IAC!D59 -> 0 | D17: =FR1_IAC!D58 -> 0 | F17: IEC 62443-4-2 | G17: =FR1_IAC!A57 -> CR | H17: =FR1_IAC!B57 -> 1.9 | I17: No | L17: =FR1_IAC!J59 -> 2
A18: 17 | B18: =CONCATENATE(F18," - ",H18," ",G18) -> IEC 62443-4-2 - 1.9.1 CR RE | C18: =FR1_IAC!D62 -> 0 | D18: =FR1_IAC!D61 -> 0 | F18: IEC 62443-4-2 | G18: =FR1_IAC!A60 -> CR RE | H18: =FR1_IAC!B60 -> 1.9.1 | I18: No | L18: =FR1_IAC!J62 -> 3
A19: 18 | B19: =CONCATENATE(F19," - ",H19," ",G19) -> IEC 62443-4-2 - 1.10 CR | C19: =FR1_IAC!D65 -> 0 | D19: =FR1_IAC!D64 -> 0 | F19: IEC 62443-4-2 | G19: =FR1_IAC!A63 -> CR | H19: =FR1_IAC!B63 -> 1.10 | I19: No | L19: =FR1_IAC!J65 -> 1
A20: 19 | B20: =CONCATENATE(F20," - ",H20," ",G20) -> IEC 62443-4-2 - 1.11 CR | C20: =FR1_IAC!D68 -> 0 | D20: =FR1_IAC!D67 -> 0 | F20: IEC 62443-4-2 | G20: =FR1_IAC!A66 -> CR | H20: =FR1_IAC!B66 -> 1.11 | I20: No | L20: =FR1_IAC!J68 -> 1
A21: 20 | B21: =CONCATENATE(F21," - ",H21," ",G21) -> IEC 62443-4-2 - 1.12 CR | C21: =FR1_IAC!D71 -> 0 | D21: =FR1_IAC!D70 -> 0 | F21: IEC 62443-4-2 | G21: =FR1_IAC!A69 -> CR | H21: =FR1_IAC!B69 -> 1.12 | I21: No | L21: =FR1_IAC!J71 -> 1
A22: 21 | B22: =CONCATENATE(F22," - ",H22," ",G22) -> IEC 62443-4-2 - 1.13 NDR | C22: =FR1_IAC!D74 -> 0 | D22: =FR1_IAC!D73 -> 0 | F22: IEC 62443-4-2 | G22: =FR1_IAC!A72 -> NDR | H22: =FR1_IAC!B72 -> 1.13 | I22: No | L22: =FR1_IAC!J74 -> 1
A23: 22 | B23: =CONCATENATE(F23," - ",H23," ",G23) -> IEC 62443-4-2 - 1.13.1 NDR RE | C23: =FR1_IAC!D77 -> 0 | D23: =FR1_IAC!D76 -> 0 | F23: IEC 62443-4-2 | G23: =FR1_IAC!A75 -> NDR RE | H23: =FR1_IAC!B75 -> 1.13.1 | I23: No | L23: =FR1_IAC!J77 -> 3
A24: 23 | B24: =CONCATENATE(F24," - ",H24," ",G24) -> IEC 62443-4-2 - 1.14 CR | C24: =FR1_IAC!D80 -> 0 | D24: =FR1_IAC!D79 -> 0 | F24: IEC 62443-4-2 | G24: =FR1_IAC!A78 -> CR | H24: =FR1_IAC!B78 -> 1.14 | I24: No | L24: =FR1_IAC!J80 -> 2
A25: 24 | B25: =CONCATENATE(F25," - ",H25," ",G25) -> IEC 62443-4-2 - 1.14.1 CR RE | C25: =FR1_IAC!D83 -> 0 | D25: =FR1_IAC!D82 -> 0 | F25: IEC 62443-4-2 | G25: =FR1_IAC!A81 -> CR RE | H25: =FR1_IAC!B81 -> 1.14.1 | I25: No | L25: =FR1_IAC!J83 -> 3
A26: 25 | B26: =CONCATENATE(F26," - ",H26," ",G26) -> IEC 62443-4-2 - 2.1 CR | C26: =FR2_UC!D11 -> 0 | D26: =FR2_UC!D10 -> 0 | F26: IEC 62443-4-2 | G26: =FR2_UC!A9 -> CR | H26: =FR2_UC!B9 -> 2.1 | I26: No | L26: =FR2_UC!J11 -> 1
A27: 26 | B27: =CONCATENATE(F27," - ",H27," ",G27) -> IEC 62443-4-2 - 2.1.1 CR RE | C27: =FR2_UC!D14 -> 0 | D27: =FR2_UC!D13 -> 0 | F27: IEC 62443-4-2 | G27: =FR2_UC!A12 -> CR RE | H27: =FR2_UC!B12 -> 2.1.1 | I27: No | L27: =FR2_UC!J14 -> 2
A28: 27 | B28: =CONCATENATE(F28," - ",H28," ",G28) -> IEC 62443-4-2 - 2.1.2 CR RE | C28: =FR2_UC!D17 -> 0 | D28: =FR2_UC!D16 -> 0 | F28: IEC 62443-4-2 | G28: =FR2_UC!A15 -> CR RE | H28: =FR2_UC!B15 -> 2.1.2 | I28: No | L28: =FR2_UC!J17 -> 2
A29: 28 | B29: =CONCATENATE(F29," - ",H29," ",G29) -> IEC 62443-4-2 - 2.1.3 CR RE | C29: =FR2_UC!D20 -> 0 | D29: =FR2_UC!D19 -> 0 | F29: IEC 62443-4-2 | G29: =FR2_UC!A18 -> CR RE | H29: =FR2_UC!B18 -> 2.1.3 | I29: No | L29: =FR2_UC!J20 -> 3
A30: 29 | B30: =CONCATENATE(F30," - ",H30," ",G30) -> IEC 62443-4-2 - 2.1.4 CR RE | C30: =FR2_UC!D23 -> 0 | D30: =FR2_UC!D22 -> 0 | F30: IEC 62443-4-2 | G30: =FR2_UC!A21 -> CR RE | H30: =FR2_UC!B21 -> 2.1.4 | I30: No | L30: =FR2_UC!J23 -> 4
A31: 30 | B31: =CONCATENATE(F31," - ",H31," ",G31) -> IEC 62443-4-2 - 2.2 CR | C31: =FR2_UC!D26 -> 0 | D31: =FR2_UC!D25 -> 0 | F31: IEC 62443-4-2 | G31: =FR2_UC!A24 -> CR | H31: =FR2_UC!B24 -> 2.2 | I31: No | L31: =FR2_UC!J26 -> 1
A32: 31 | B32: =CONCATENATE(F32," - ",H32," ",G32) -> IEC 62443-4-2 - 2.3 CR | C32: =FR2_UC!D29 -> 0 | D32: =FR2_UC!D28 -> 0 | F32: IEC 62443-4-2 | G32: =FR2_UC!A27 -> CR | H32: =FR2_UC!B27 -> 2.3 | I32: No | L32: =FR2_UC!J29 -> 0
A33: 32 | B33: =CONCATENATE(F33," - ",H33," ",G33) -> IEC 62443-4-2 - 2.4 SAR | C33: =FR2_UC!D32 -> 0 | D33: =FR2_UC!D31 -> 0 | F33: IEC 62443-4-2 | G33: =FR2_UC!A30 -> SAR | H33: =FR2_UC!B30 -> 2.4 | I33: No | L33: =FR2_UC!J32 -> 1
A34: 33 | B34: =CONCATENATE(F34," - ",H34," ",G34) -> IEC 62443-4-2 - 2.4.1 SAR RE | C34: =FR2_UC!D35 -> 0 | D34: =FR2_UC!D34 -> 0 | F34: IEC 62443-4-2 | G34: =FR2_UC!A33 -> SAR RE | H34: =FR2_UC!B33 -> 2.4.1 | I34: No | L34: =FR2_UC!J35 -> 2
A35: 34 | B35: =CONCATENATE(F35," - ",H35," ",G35) -> IEC 62443-4-2 - 2.4 EDR | C35: =FR2_UC!D40 -> Supported with some restrictions/partly needs clarifications | D35: =FR2_UC!D37 -> MCSR MP-5.1 is concentrating on Windows Malware scanning. This EDR 2.4 is more appropriate for Embedded devices. Definition from 62443: 3.1.29 mobile code program transferred between assets that can be executed without explicit installation by the recipient EXAMPLE JavaScript, VBScript, Java applets, ActiveX controls, Flash animations, Shockwave movies, and Microsoft Office macros. | F35: IEC 62443-4-2 | G35: =FR2_UC!A36 -> EDR | H35: =FR2_UC!B36 -> 2.4 | I35: No | L35: =FR2_UC!J40 -> 1
A36: 35 | B36: =CONCATENATE(F36," - ",H36," ",G36) -> IEC 62443-4-2 - 2.4.1 EDR RE | C36: =FR2_UC!D43 -> Supported with some restrictions/partly needs clarifications | D36: =FR2_UC!D42 -> 0 | F36: IEC 62443-4-2 | G36: =FR2_UC!A41 -> EDR RE | H36: =FR2_UC!B41 -> 2.4.1 | I36: No | L36: =FR2_UC!J43 -> 2
A37: 36 | B37: =CONCATENATE(F37," - ",H37," ",G37) -> IEC 62443-4-2 - 2.4 HDR | C37: =FR2_UC!D46 -> 0 | D37: =FR2_UC!D45 -> 0 | F37: IEC 62443-4-2 | G37: =FR2_UC!A44 -> HDR | H37: =FR2_UC!B44 -> 2.4 | I37: No | L37: =FR2_UC!J46 -> 1
A38: 37 | B38: =CONCATENATE(F38," - ",H38," ",G38) -> IEC 62443-4-2 - 2.4.1 HDR RE | C38: =FR2_UC!D49 -> 0 | D38: =FR2_UC!D48 -> 0 | F38: IEC 62443-4-2 | G38: =FR2_UC!A47 -> HDR RE | H38: =FR2_UC!B47 -> 2.4.1 | I38: No | L38: =FR2_UC!J49 -> 2
A39: 38 | B39: =CONCATENATE(F39," - ",H39," ",G39) -> IEC 62443-4-2 - 2.4 NDR | C39: =FR2_UC!D52 -> 0 | D39: =FR2_UC!D51 -> 0 | F39: IEC 62443-4-2 | G39: =FR2_UC!A50 -> NDR | H39: =FR2_UC!B50 -> 2.4 | I39: No | L39: =FR2_UC!J52 -> 1
A40: 39 | B40: =CONCATENATE(F40," - ",H40," ",G40) -> IEC 62443-4-2 - 2.4.1 NDR RE | C40: =FR2_UC!D55 -> 0 | D40: =FR2_UC!D54 -> 0 | F40: IEC 62443-4-2 | G40: =FR2_UC!A53 -> NDR RE | H40: =FR2_UC!B53 -> 2.4.1 | I40: No | L40: =FR2_UC!J55 -> 2
A41: 40 | B41: =CONCATENATE(F41," - ",H41," ",G41) -> IEC 62443-4-2 - 2.5 CR | C41: =FR2_UC!D58 -> 0 | D41: =FR2_UC!D57 -> 0 | F41: IEC 62443-4-2 | G41: =FR2_UC!A56 -> CR | H41: =FR2_UC!B56 -> 2.5 | I41: No | L41: =FR2_UC!J58 -> 1
A42: 41 | B42: =CONCATENATE(F42," - ",H42," ",G42) -> IEC 62443-4-2 - 2.6 CR | C42: =FR2_UC!D61 -> 0 | D42: =FR2_UC!D60 -> 0 | F42: IEC 62443-4-2 | G42: =FR2_UC!A59 -> CR | H42: =FR2_UC!B59 -> 2.6 | I42: No | L42: =FR2_UC!J61 -> 2
A43: 42 | B43: =CONCATENATE(F43," - ",H43," ",G43) -> IEC 62443-4-2 - 2.7 CR | C43: =FR2_UC!D64 -> 0 | D43: =FR2_UC!D63 -> 0 | F43: IEC 62443-4-2 | G43: =FR2_UC!A62 -> CR | H43: =FR2_UC!B62 -> 2.7 | I43: No | L43: =FR2_UC!J64 -> 3
A44: 43 | B44: =CONCATENATE(F44," - ",H44," ",G44) -> IEC 62443-4-2 - 2.8 CR | C44: =FR2_UC!D67 -> 0 | D44: =FR2_UC!D66 -> 0 | F44: IEC 62443-4-2 | G44: =FR2_UC!A65 -> CR | H44: =FR2_UC!B65 -> 2.8 | I44: No | L44: =FR2_UC!J67 -> 1
A45: 44 | B45: =CONCATENATE(F45," - ",H45," ",G45) -> IEC 62443-4-2 - 2.9 CR | C45: =FR2_UC!D70 -> 0 | D45: =FR2_UC!D69 -> 0 | F45: IEC 62443-4-2 | G45: =FR2_UC!A68 -> CR | H45: =FR2_UC!B68 -> 2.9 | I45: No | L45: =FR2_UC!J70 -> 1
A46: 45 | B46: =CONCATENATE(F46," - ",H46," ",G46) -> IEC 62443-4-2 - 2.9.1 CR RE | C46: =FR2_UC!D73 -> 0 | D46: =FR2_UC!D72 -> 0 | F46: IEC 62443-4-2 | G46: =FR2_UC!A71 -> CR RE | H46: =FR2_UC!B71 -> 2.9.1 | I46: No | L46: =FR2_UC!J73 -> 3
A47: 46 | B47: =CONCATENATE(F47," - ",H47," ",G47) -> IEC 62443-4-2 - 2.10 CR | C47: =FR2_UC!D76 -> 0 | D47: =FR2_UC!D75 -> 0 | F47: IEC 62443-4-2 | G47: =FR2_UC!A74 -> CR | H47: =FR2_UC!B74 -> 2.10 | I47: No | L47: =FR2_UC!J76 -> 1
A48: 47 | B48: =CONCATENATE(F48," - ",H48," ",G48) -> IEC 62443-4-2 - 2.11 CR | C48: =FR2_UC!D79 -> 0 | D48: =FR2_UC!D78 -> 0 | F48: IEC 62443-4-2 | G48: =FR2_UC!A77 -> CR | H48: =FR2_UC!B77 -> 2.11 | I48: No | L48: =FR2_UC!J79 -> 1
A49: 48 | B49: =CONCATENATE(F49," - ",H49," ",G49) -> IEC 62443-4-2 - 2.11.1 CR RE | C49: =FR2_UC!D82 -> 0 | D49: =FR2_UC!D81 -> 0 | F49: IEC 62443-4-2 | G49: =FR2_UC!A80 -> CR RE | H49: =FR2_UC!B80 -> 2.11.1 | I49: No | L49: =FR2_UC!J82 -> 2
A50: 49 | B50: =CONCATENATE(F50," - ",H50," ",G50) -> IEC 62443-4-2 - 2.11.2 CR RE | C50: =FR2_UC!D85 -> 0 | D50: =FR2_UC!D84 -> 0 | F50: IEC 62443-4-2 | G50: =FR2_UC!A83 -> CR RE | H50: =FR2_UC!B83 -> 2.11.2 | I50: No | L50: =FR2_UC!J85 -> 4
A51: 50 | B51: =CONCATENATE(F51," - ",H51," ",G51) -> IEC 62443-4-2 - 2.12 CR | C51: =FR2_UC!D88 -> 0 | D51: =FR2_UC!D87 -> 0 | F51: IEC 62443-4-2 | G51: =FR2_UC!A86 -> CR | H51: =FR2_UC!B86 -> 2.12 | I51: No | L51: =FR2_UC!J88 -> 1
A52: 51 | B52: =CONCATENATE(F52," - ",H52," ",G52) -> IEC 62443-4-2 - 2.12.1 CR RE | C52: =FR2_UC!D91 -> 0 | D52: =FR2_UC!D90 -> 0 | F52: IEC 62443-4-2 | G52: =FR2_UC!A89 -> CR RE | H52: =FR2_UC!B89 -> 2.12.1 | I52: No | L52: =FR2_UC!J91 -> 4
A53: 52 | B53: =CONCATENATE(F53," - ",H53," ",G53) -> IEC 62443-4-2 - 2.13 EDR | C53: =FR2_UC!D94 -> Supported | D53: =FR2_UC!D93 -> MCSR 1.0 is more strict as to not allow debugging interfaces at all, also software debugging symbols are included in MCSR 1.0 | F53: IEC 62443-4-2 | G53: =FR2_UC!A92 -> EDR | H53: =FR2_UC!B92 -> 2.13 | I53: No | L53: =FR2_UC!J94 -> 2
A54: 53 | B54: =CONCATENATE(F54," - ",H54," ",G54) -> IEC 62443-4-2 - 2.13.1 EDR RE | C54: =FR2_UC!D97 -> 0 | D54: =FR2_UC!D96 -> 0 | F54: IEC 62443-4-2 | G54: =FR2_UC!A95 -> EDR RE | H54: =FR2_UC!B95 -> 2.13.1 | I54: No | L54: =FR2_UC!J97 -> 3
A55: 54 | B55: =CONCATENATE(F55," - ",H55," ",G55) -> IEC 62443-4-2 - 2.13 HDR | C55: =FR2_UC!D100 -> 0 | D55: =FR2_UC!D99 -> MCSR 1.0 is more strict as to not allow debugging interfaces at all, also software debugging symbols are included in MCSR 1.0 | F55: IEC 62443-4-2 | G55: =FR2_UC!A98 -> HDR | H55: =FR2_UC!B98 -> 2.13 | I55: No | L55: =FR2_UC!J100 -> 2
A56: 55 | B56: =CONCATENATE(F56," - ",H56," ",G56) -> IEC 62443-4-2 - 2.13.1 HDR RE | C56: =FR2_UC!D103 -> 0 | D56: =FR2_UC!D102 -> 0 | F56: IEC 62443-4-2 | G56: =FR2_UC!A101 -> HDR RE | H56: =FR2_UC!B101 -> 2.13.1 | I56: No | L56: =FR2_UC!J103 -> 3
A57: 56 | B57: =CONCATENATE(F57," - ",H57," ",G57) -> IEC 62443-4-2 - 2.13 NDR | C57: =FR2_UC!D106 -> 0 | D57: =FR2_UC!D105 -> MCSR 1.0 is more strict as to not allow debugging interfaces at all, also software debugging symbols are included in MCSR 1.0 | F57: IEC 62443-4-2 | G57: =FR2_UC!A104 -> NDR | H57: =FR2_UC!B104 -> 2.13 | I57: No | L57: =FR2_UC!J106 -> 2
A58: 57 | B58: =CONCATENATE(F58," - ",H58," ",G58) -> IEC 62443-4-2 - 2.13.1 NDR RE | C58: =FR2_UC!D109 -> 0 | D58: =FR2_UC!D108 -> 0 | F58: IEC 62443-4-2 | G58: =FR2_UC!A107 -> NDR RE | H58: =FR2_UC!B107 -> 2.13.1 | I58: No | L58: =FR2_UC!J109 -> 3
A59: 58 | B59: =CONCATENATE(F59," - ",H59," ",G59) -> IEC 62443-4-2 - 3.1 CR | C59: =FR3_SI!D11 -> Supported | D59: =FR3_SI!D10 -> 0 | F59: IEC 62443-4-2 | G59: =FR3_SI!A9 -> CR | H59: =FR3_SI!B9 -> 3.1 | I59: No | L59: =FR3_SI!J11 -> 1
A60: 59 | B60: =CONCATENATE(F60," - ",H60," ",G60) -> IEC 62443-4-2 - 3.1.1 CR RE | C60: =FR3_SI!D14 -> 0 | D60: =FR3_SI!D13 -> MP-15 talks about "secure protocols" which we usually interpret as at least providing integrity and authenticity. | F60: IEC 62443-4-2 | G60: =FR3_SI!A12 -> CR RE | H60: =FR3_SI!B12 -> 3.1.1 | I60: No | L60: =FR3_SI!J14 -> 2
A61: 60 | B61: =CONCATENATE(F61," - ",H61," ",G61) -> IEC 62443-4-2 - 3.2 SAR | C61: =FR3_SI!D17 -> 0 | D61: =FR3_SI!D16 -> 0 | F61: IEC 62443-4-2 | G61: =FR3_SI!A15 -> SAR | H61: =FR3_SI!B15 -> 3.2 | I61: No | L61: =FR3_SI!J17 -> 1
A62: 61 | B62: =CONCATENATE(F62," - ",H62," ",G62) -> IEC 62443-4-2 - 3.2 EDR | C62: =FR3_SI!D20 -> Supported with some restrictions/partly needs clarifications | D62: =FR3_SI!D19 -> MCSR for products just require scanning of SW packages Malware scanning is different from authorization of software to be executed! | F62: IEC 62443-4-2 | G62: =FR3_SI!A18 -> EDR | H62: =FR3_SI!B18 -> 3.2 | I62: No | L62: =FR3_SI!J20 -> 1
A63: 62 | B63: =CONCATENATE(F63," - ",H63," ",G63) -> IEC 62443-4-2 - 3.2 HDR | C63: =FR3_SI!D23 -> 0 | D63: =FR3_SI!D22 -> 0 | F63: IEC 62443-4-2 | G63: =FR3_SI!A21 -> HDR | H63: =FR3_SI!B21 -> 3.2 | I63: No | L63: =FR3_SI!J23 -> 1
A64: 63 | B64: =CONCATENATE(F64," - ",H64," ",G64) -> IEC 62443-4-2 - 3.2.1 HDR RE | C64: =FR3_SI!D26 -> 0 | D64: =FR3_SI!D25 -> 0 | F64: IEC 62443-4-2 | G64: =FR3_SI!A24 -> HDR RE | H64: =FR3_SI!B24 -> 3.2.1 | I64: No | L64: =FR3_SI!J26 -> 2
A65: 64 | B65: =CONCATENATE(F65," - ",H65," ",G65) -> IEC 62443-4-2 - 3.2 NDR | C65: =FR3_SI!D29 -> 0 | D65: =FR3_SI!D28 -> 0 | F65: IEC 62443-4-2 | G65: =FR3_SI!A27 -> NDR | H65: =FR3_SI!B27 -> 3.2 | I65: No | L65: =FR3_SI!J29 -> 1
A66: 65 | B66: =CONCATENATE(F66," - ",H66," ",G66) -> IEC 62443-4-2 - 3.3 CR | C66: =FR3_SI!D32 -> 0 | D66: =FR3_SI!D31 -> MP-07 is about documentation, not about components performing something | F66: IEC 62443-4-2 | G66: =FR3_SI!A30 -> CR | H66: =FR3_SI!B30 -> 3.3 | I66: No | L66: =FR3_SI!J32 -> 1
A67: 66 | B67: =CONCATENATE(F67," - ",H67," ",G67) -> IEC 62443-4-2 - 3.3.1 CR RE | C67: =FR3_SI!D35 -> 0 | D67: =FR3_SI!D34 -> 0 | F67: IEC 62443-4-2 | G67: =FR3_SI!A33 -> CR RE | H67: =FR3_SI!B33 -> 3.3.1 | I67: No | L67: =FR3_SI!J35 -> 4
A68: 67 | B68: =CONCATENATE(F68," - ",H68," ",G68) -> IEC 62443-4-2 - 3.4 CR | C68: =FR3_SI!D43 -> Supported | D68: =FR3_SI!D37 -> MCSR MP-13.2 focuses on software packages, does not address "configuration and other information" and does not require reporting. Software must include updates as well. MP-7 is on documentation. | F68: IEC 62443-4-2 | G68: =FR3_SI!A36 -> CR | H68: =FR3_SI!B36 -> 3.4 | I68: No | L68: =FR3_SI!J43 -> 1
A69: 68 | B69: =CONCATENATE(F69," - ",H69," ",G69) -> IEC 62443-4-2 - 3.4.1 CR RE | C69: =FR3_SI!D51 -> Supported | D69: =FR3_SI!#REF! -> #REF! | F69: IEC 62443-4-2 | G69: =FR3_SI!A44 -> CR RE | H69: =FR3_SI!B44 -> 3.4.1 | I69: No | L69: =FR3_SI!J51 -> 2
A70: 69 | B70: =CONCATENATE(F70," - ",H70," ",G70) -> IEC 62443-4-2 - 3.4.2 CR RE | C70: =FR3_SI!D54 -> 0 | D70: =FR3_SI!D53 -> 0 | F70: IEC 62443-4-2 | G70: =FR3_SI!A52 -> CR RE | H70: =FR3_SI!B52 -> 3.4.2 | I70: No | L70: =FR3_SI!J54 -> 3
A71: 70 | B71: =CONCATENATE(F71," - ",H71," ",G71) -> IEC 62443-4-2 - 3.5 CR | C71: =FR3_SI!D57 -> Supported | D71: =FR3_SI!D56 -> Partially addressed by DSAC, should this be kept or not? Could give a wrong signal… an equivalent is in security assessment list. Suggestion is to keep it, but it may be perceived as raising the bar… | F71: IEC 62443-4-2 | G71: =FR3_SI!A55 -> CR | H71: =FR3_SI!B55 -> 3.5 | I71: No | L71: =FR3_SI!J57 -> 1
A72: 71 | B72: =CONCATENATE(F72," - ",H72," ",G72) -> IEC 62443-4-2 - 3.6 CR | C72: =FR3_SI!D60 -> 0 | D72: =FR3_SI!D59 -> 0 | F72: IEC 62443-4-2 | G72: =FR3_SI!A58 -> CR | H72: =FR3_SI!B58 -> 3.6 | I72: No | L72: =FR3_SI!J60 -> 1
A73: 72 | B73: =CONCATENATE(F73," - ",H73," ",G73) -> IEC 62443-4-2 - 3.7 CR | C73: =FR3_SI!D63 -> Supported | D73: =FR3_SI!D62 -> 0 | F73: IEC 62443-4-2 | G73: =FR3_SI!A61 -> CR | H73: =FR3_SI!B61 -> 3.7 | I73: No | L73: =FR3_SI!J63 -> 1
A74: 73 | B74: =CONCATENATE(F74," - ",H74," ",G74) -> IEC 62443-4-2 - 3.8 CR | C74: =FR3_SI!D68 -> Supported | D74: =FR3_SI!D65 -> Relates to input validation / communication robustness, as well as secure protocols | F74: IEC 62443-4-2 | G74: =FR3_SI!A64 -> CR | H74: =FR3_SI!B64 -> 3.8 | I74: No | L74: =FR3_SI!J68 -> 2
A75: 74 | B75: =CONCATENATE(F75," - ",H75," ",G75) -> IEC 62443-4-2 - 3.9 CR | C75: =FR3_SI!D71 -> 0 | D75: =FR3_SI!D70 -> 0 | F75: IEC 62443-4-2 | G75: =FR3_SI!A69 -> CR | H75: =FR3_SI!B69 -> 3.9 | I75: No | L75: =FR3_SI!J71 -> 2
A76: 75 | B76: =CONCATENATE(F76," - ",H76," ",G76) -> IEC 62443-4-2 - 3.9.1 CR RE | C76: =FR3_SI!D74 -> 0 | D76: =FR3_SI!D73 -> 0 | F76: IEC 62443-4-2 | G76: =FR3_SI!A72 -> CR RE | H76: =FR3_SI!B72 -> 3.9.1 | I76: No | L76: =FR3_SI!J74 -> 4
A77: 76 | B77: =CONCATENATE(F77," - ",H77," ",G77) -> IEC 62443-4-2 - 3.10 EDR | C77: =FR3_SI!D77 -> Supported | D77: =FR3_SI!D76 -> 0 | F77: IEC 62443-4-2 | G77: =FR3_SI!A75 -> EDR | H77: =FR3_SI!B75 -> 3.10 | I77: No | L77: =FR3_SI!J77 -> 1
A78: 77 | B78: =CONCATENATE(F78," - ",H78," ",G78) -> IEC 62443-4-2 - 3.10.1 EDR RE | C78: =FR3_SI!D80 -> Supported with some restrictions/partly needs clarifications | D78: =FR3_SI!D79 -> MCSR would allow to provide a hash code to provide integrity and authenticity(provided the hash code was downloaded from ABB.com) | F78: IEC 62443-4-2 | G78: =FR3_SI!A78 -> EDR RE | H78: =FR3_SI!B78 -> 3.10.1 | I78: No | L78: =FR3_SI!J80 -> 2
A79: 78 | B79: =CONCATENATE(F79," - ",H79," ",G79) -> IEC 62443-4-2 - 3.10 HDR | C79: =FR3_SI!D83 -> 0 | D79: =FR3_SI!D82 -> 0 | F79: IEC 62443-4-2 | G79: =FR3_SI!A81 -> HDR | H79: =FR3_SI!B81 -> 3.10 | I79: No | L79: =FR3_SI!J83 -> 1
A80: 79 | B80: =CONCATENATE(F80," - ",H80," ",G80) -> IEC 62443-4-2 - 3.10.1 HDR RE | C80: =FR3_SI!D86 -> 0 | D80: =FR3_SI!D85 -> 0 | F80: IEC 62443-4-2 | G80: =FR3_SI!A84 -> HDR RE | H80: =FR3_SI!B84 -> 3.10.1 | I80: No | L80: =FR3_SI!J86 -> 3
A81: 80 | B81: =CONCATENATE(F81," - ",H81," ",G81) -> IEC 62443-4-2 - 3.10 NDR | C81: =FR3_SI!D89 -> 0 | D81: =FR3_SI!D88 -> 0 | F81: IEC 62443-4-2 | G81: =FR3_SI!A87 -> NDR | H81: =FR3_SI!B87 -> 3.10 | I81: No | L81: =FR3_SI!J89 -> 1
A82: 81 | B82: =CONCATENATE(F82," - ",H82," ",G82) -> IEC 62443-4-2 - 3.10.1 NDR RE | C82: =FR3_SI!D92 -> 0 | D82: =FR3_SI!D91 -> 0 | F82: IEC 62443-4-2 | G82: =FR3_SI!A90 -> NDR RE | H82: =FR3_SI!B90 -> 3.10.1 | I82: No | L82: =FR3_SI!J92 -> 2
A83: 82 | B83: =CONCATENATE(F83," - ",H83," ",G83) -> IEC 62443-4-2 - 3.11 EDR | C83: =FR3_SI!D95 -> 0 | D83: =FR3_SI!D94 -> 0 | F83: IEC 62443-4-2 | G83: =FR3_SI!A93 -> EDR | H83: =FR3_SI!B93 -> 3.11 | I83: No | L83: =FR3_SI!J95 -> 2
A84: 83 | B84: =CONCATENATE(F84," - ",H84," ",G84) -> IEC 62443-4-2 - 3.11.1 EDR RE | C84: =FR3_SI!D98 -> 0 | D84: =FR3_SI!D97 -> 0 | F84: IEC 62443-4-2 | G84: =FR3_SI!A96 -> EDR RE | H84: =FR3_SI!B96 -> 3.11.1 | I84: No | L84: =FR3_SI!J98 -> 3
A85: 84 | B85: =CONCATENATE(F85," - ",H85," ",G85) -> IEC 62443-4-2 - 3.11 HDR | C85: =FR3_SI!D101 -> 0 | D85: =FR3_SI!D100 -> 0 | F85: IEC 62443-4-2 | G85: =FR3_SI!A99 -> HDR | H85: =FR3_SI!B99 -> 3.11 | I85: No | L85: =FR3_SI!J101 -> 2
A86: 85 | B86: =CONCATENATE(F86," - ",H86," ",G86) -> IEC 62443-4-2 - 3.11.1 HDR RE | C86: =FR3_SI!D104 -> 0 | D86: =FR3_SI!D103 -> 0 | F86: IEC 62443-4-2 | G86: =FR3_SI!A102 -> HDR RE | H86: =FR3_SI!B102 -> 3.11.1 | I86: No | L86: =FR3_SI!J104 -> 3
A87: 86 | B87: =CONCATENATE(F87," - ",H87," ",G87) -> IEC 62443-4-2 - 3.11 NDR | C87: =FR3_SI!D107 -> 0 | D87: =FR3_SI!D106 -> 0 | F87: IEC 62443-4-2 | G87: =FR3_SI!A105 -> NDR | H87: =FR3_SI!B105 -> 3.11 | I87: No | L87: =FR3_SI!J107 -> 2
A88: 87 | B88: =CONCATENATE(F88," - ",H88," ",G88) -> IEC 62443-4-2 - 3.11.1 NDR RE | C88: =FR3_SI!D110 -> 0 | D88: =FR3_SI!D109 -> 0 | F88: IEC 62443-4-2 | G88: =FR3_SI!A108 -> NDR RE | H88: =FR3_SI!B108 -> 3.11.1 | I88: No | L88: =FR3_SI!J110 -> 3
A89: 88 | B89: =CONCATENATE(F89," - ",H89," ",G89) -> IEC 62443-4-2 - 3.12 EDR | C89: =FR3_SI!D113 -> Supported with some restrictions/partly needs clarifications | D89: =FR3_SI!D112 -> MCSR does not require a supplier root of trust, like 802.1 AR (IDevID) Only required for Internet-facing according to MCSR1.0 | F89: IEC 62443-4-2 | G89: =FR3_SI!A111 -> EDR | H89: =FR3_SI!B111 -> 3.12 | I89: No | L89: =FR3_SI!J113 -> 2
A90: 89 | B90: =CONCATENATE(F90," - ",H90," ",G90) -> IEC 62443-4-2 - 3.12 HDR | C90: =FR3_SI!D116 -> 0 | D90: =FR3_SI!D115 -> Only required for Internet-facing according to MCSR1.0 | F90: IEC 62443-4-2 | G90: =FR3_SI!A114 -> HDR | H90: =FR3_SI!B114 -> 3.12 | I90: No | L90: =FR3_SI!J116 -> 2
A91: 90 | B91: =CONCATENATE(F91," - ",H91," ",G91) -> IEC 62443-4-2 - 3.12 NDR | C91: =FR3_SI!D119 -> 0 | D91: =FR3_SI!D118 -> 0 | F91: IEC 62443-4-2 | G91: =FR3_SI!A117 -> NDR | H91: =FR3_SI!B117 -> 3.12 | I91: No | L91: =FR3_SI!J119 -> 2
A92: 91 | B92: =CONCATENATE(F92," - ",H92," ",G92) -> IEC 62443-4-2 - 3.13 EDR | C92: =FR3_SI!D123 -> Supported with some restrictions/partly needs clarifications | D92: =FR3_SI!D121 -> 0 | F92: IEC 62443-4-2 | G92: =FR3_SI!A120 -> EDR | H92: =FR3_SI!B120 -> 3.13 | I92: No | L92: =FR3_SI!J123 -> 2
A93: 92 | B93: =CONCATENATE(F93," - ",H93," ",G93) -> IEC 62443-4-2 - 3.13 HDR | C93: =FR3_SI!D127 -> Supported | D93: =FR3_SI!D125 -> 0 | F93: IEC 62443-4-2 | G93: =FR3_SI!A124 -> HDR | H93: =FR3_SI!B124 -> 3.13 | I93: No | L93: =FR3_SI!J127 -> 2
A94: 93 | B94: =CONCATENATE(F94," - ",H94," ",G94) -> IEC 62443-4-2 - 3.13 NDR | C94: =FR3_SI!D131 -> 0 | D94: =FR3_SI!D129 -> 0 | F94: IEC 62443-4-2 | G94: =FR3_SI!A128 -> NDR | H94: =FR3_SI!B128 -> 3.13 | I94: No | L94: =FR3_SI!J131 -> 2
A95: 94 | B95: =CONCATENATE(F95," - ",H95," ",G95) -> IEC 62443-4-2 - 3.14 EDR | C95: =FR3_SI!D136 -> Supported with some restrictions/partly needs clarifications | D95: =FR3_SI!D133 -> MCSR does not require secure boot for non Internet facing Solutions which is prerequisit for supplier root of trust | F95: IEC 62443-4-2 | G95: =FR3_SI!A132 -> EDR | H95: =FR3_SI!B132 -> 3.14 | I95: No | L95: =FR3_SI!J136 -> 1
A96: 95 | B96: =CONCATENATE(F96," - ",H96," ",G96) -> IEC 62443-4-2 - 3.14.1 EDR RE | C96: =FR3_SI!D139 -> 0 | D96: =FR3_SI!D138 -> 0 | F96: IEC 62443-4-2 | G96: =FR3_SI!A137 -> EDR RE | H96: =FR3_SI!B137 -> 3.14.1 | I96: No | L96: =FR3_SI!J139 -> 2
A97: 96 | B97: =CONCATENATE(F97," - ",H97," ",G97) -> IEC 62443-4-2 - 3.14 HDR | C97: =FR3_SI!D144 -> 0 | D97: =FR3_SI!D141 -> 0 | F97: IEC 62443-4-2 | G97: =FR3_SI!A140 -> HDR | H97: =FR3_SI!B140 -> 3.14 | I97: No | L97: =FR3_SI!J144 -> 1
A98: 97 | B98: =CONCATENATE(F98," - ",H98," ",G98) -> IEC 62443-4-2 - 3.14.1 HDR RE | C98: =FR3_SI!D147 -> 0 | D98: =FR3_SI!D146 -> 0 | F98: IEC 62443-4-2 | G98: =FR3_SI!A145 -> HDR RE | H98: =FR3_SI!B145 -> 3.14.1 | I98: No | L98: =FR3_SI!J147 -> 2
A99: 98 | B99: =CONCATENATE(F99," - ",H99," ",G99) -> IEC 62443-4-2 - 3.14 NDR | C99: =FR3_SI!D152 -> 0 | D99: =FR3_SI!D149 -> 0 | F99: IEC 62443-4-2 | G99: =FR3_SI!A148 -> NDR | H99: =FR3_SI!B148 -> 3.14 | I99: No | L99: =FR3_SI!J152 -> 1
A100: 99 | B100: =CONCATENATE(F100," - ",H100," ",G100) -> IEC 62443-4-2 - 3.14.1 NDR RE | C100: =FR3_SI!D155 -> 0 | D100: =FR3_SI!D154 -> 0 | F100: IEC 62443-4-2 | G100: =FR3_SI!A153 -> NDR RE | H100: =FR3_SI!B153 -> 3.14.1 | I100: No | L100: =FR3_SI!J155 -> 2
...

Sheet MCSR1.0
A1: ID | B1: Title | C1: Rating | D1: MCSR1.0 Embedded | E1: Comments include Acceptance Criteria for MCSR 2.0 | F1: Requirement | G1: Reference | H1: Standard | I1: Req.1 | J1: Req.2 | K1: References | L1: Comment | M1: Ref. Status | N1: SL-C
A2: 1 | B2: =CONCATENATE(H2," - ",J2," ",I2) -> IEC 62443-4-2 - 1.1 CR | C2: =FR1_IAC!D11 -> 0 | D2: =FR1_IAC!K10 -> 0 | E2: =FR1_IAC!D10 -> 0 | F2: =FR1_IAC!C10 -> Components shall provide the capability to identify and authenticate all human users according to ISA‑62443‑3‑3 SR 1.1 on all interfaces capable of human user access. This capability shall enforce such identification and authentication on all interfaces that provide human user access to the component to support segregation of duties and least privilege in accordance with applicable security policies and procedures. This capability may be provided locally by the component or by integration into a system level identification and authentication system. Note: Applicable security policies are a local matter. | H2: IEC 62443-4-2 | I2: =FR1_IAC!A9 -> CR | J2: =FR1_IAC!B9 -> 1.1 | K2: No | N2: =FR1_IAC!J11 -> 1
A3: 2 | B3: =CONCATENATE(H3," - ",J3," ",I3) -> IEC 62443-4-2 - 1.1.1 CR RE | C3: =FR1_IAC!D14 -> 0 | D3: =FR1_IAC!K13 -> 0 | E3: =FR1_IAC!D13 -> 0 | F3: =FR1_IAC!C13 -> Components shall provide the capability to uniquely identify and authenticate all human users | H3: IEC 62443-4-2 | I3: =FR1_IAC!A12 -> CR RE | J3: =FR1_IAC!B12 -> 1.1.1 | K3: No | N3: =FR1_IAC!J14 -> 2
A4: 3 | B4: =CONCATENATE(H4," - ",J4," ",I4) -> IEC 62443-4-2 - 1.1.2 CR RE | C4: =FR1_IAC!D17 -> 0 | D4: =FR1_IAC!K16 -> 0 | E4: =FR1_IAC!D16 -> 0 | F4: =FR1_IAC!C16 -> Components shall provide the capability to employ multifactor authentication for all human user access to the component. | H4: IEC 62443-4-2 | I4: =FR1_IAC!A15 -> CR RE | J4: =FR1_IAC!B15 -> 1.1.2 | K4: No | N4: =FR1_IAC!J17 -> 3
A5: 4 | B5: =CONCATENATE(H5," - ",J5," ",I5) -> IEC 62443-4-2 - 1.2 CR | C5: =FR1_IAC!D20 -> 0 | D5: =FR1_IAC!K19 -> 0 | E5: =FR1_IAC!D19 -> 0 | F5: =FR1_IAC!C19 -> The component shall provide the capability to identify itself and authenticate to any other component (software application, embedded devices, host devices and network devices), according to ISA‑62443‑3‑3 SR1.2 If the component is running in the context of a human user, in addition, the identification and authentication of the human user according to ISA‑62443‑3‑3 SR1.1 may be part of the component identification and authentication process towards the other components. | H5: IEC 62443-4-2 | I5: =FR1_IAC!A18 -> CR | J5: =FR1_IAC!B18 -> 1.2 | K5: No | N5: =FR1_IAC!J20 -> 2
A6: 5 | B6: =CONCATENATE(H6," - ",J6," ",I6) -> IEC 62443-4-2 - 1.2.1 CR RE | C6: =FR1_IAC!D23 -> 0 | D6: =FR1_IAC!K22 -> 0 | E6: =FR1_IAC!D22 -> 0 | F6: =FR1_IAC!C22 -> The component shall provide the capability to uniquely identify and authenticate itself to any other component. | H6: IEC 62443-4-2 | I6: =FR1_IAC!A21 -> CR RE | J6: =FR1_IAC!B21 -> 1.2.1 | K6: No | N6: =FR1_IAC!J23 -> 3
A7: 7 | B7: =CONCATENATE(H7," - ",J7," ",I7) -> IEC 62443-4-2 - 1.4 CR | C7: =FR1_IAC!D29 -> 0 | D7: =FR1_IAC!K28 -> 0 | E7: =FR1_IAC!D28 -> 0 | F7: =FR1_IAC!C28 -> The component shall provide the capability to integrate into a system that supports the management of identifiers and/or provide the capability to support the management of identifiers directly according to ISA‑62443‑3‑3 SR 1.4 | H7: IEC 62443-4-2 | I7: =FR1_IAC!A27 -> CR | J7: =FR1_IAC!B27 -> 1.4 | K7: No | N7: =FR1_IAC!J29 -> 1
A8: 9 | B8: =CONCATENATE(H8," - ",J8," ",I8) -> IEC 62443-4-2 - 1.5.1 CR RE | C8: =FR1_IAC!D38 -> 0 | D8: =FR1_IAC!K37 -> 0 | E8: =FR1_IAC!D37 -> 0 | F8: =FR1_IAC!C37 -> The authenticators on which the component rely shall be protected via hardware mechanisms. Note: Examples of hardware authentication include: Password protected memory, OTP memory, hardware data integrity checks, and device security boot mechanism. | H8: IEC 62443-4-2 | I8: =FR1_IAC!A36 -> CR RE | J8: =FR1_IAC!B36 -> 1.5.1 | K8: No | N8: =FR1_IAC!J38 -> 3
A9: 10 | B9: =CONCATENATE(H9," - ",J9," ",I9) -> IEC 62443-4-2 - 1.6 NDR | C9: =FR1_IAC!D41 -> 0 | D9: =FR1_IAC!K40 -> 0 | E9: =FR1_IAC!D40 -> MCSR MP-15 is focusing on application layer protocols, while wireless protocols typically act on lower layers (e.g. 802.11 on layer 2 and 1). | F9: =FR1_IAC!C40 -> A network device supporting wireless access management shall provide the capability to identify and authenticate all users (humans, software processes or devices) engaged in wireless communication. | H9: IEC 62443-4-2 | I9: =FR1_IAC!A39 -> NDR | J9: =FR1_IAC!B39 -> 1.6 | K9: No | N9: =FR1_IAC!J41 -> 1
A10: 11 | B10: =CONCATENATE(H10," - ",J10," ",I10) -> IEC 62443-4-2 - 1.6.1 NDR RE | C10: =FR1_IAC!D44 -> 0 | D10: =FR1_IAC!K43 -> 0 | E10: =FR1_IAC!D43 -> MCSR MP-15 is focusing on application layer protocols, while wireless protocols typically act on lower layers (e.g. 802.11 on layer 2 and 1). | F10: =FR1_IAC!C43 -> The network device shall provide the capability to uniquely identify and authenticate all users (humans, software processes or devices) engaged in wireless communication. | H10: IEC 62443-4-2 | I10: =FR1_IAC!A42 -> NDR RE | J10: =FR1_IAC!B42 -> 1.6.1 | K10: No | N10: =FR1_IAC!J44 -> 2
A11: 12 | B11: =CONCATENATE(H11," - ",J11," ",I11) -> IEC 62443-4-2 - 1.7 CR | C11: =FR1_IAC!D47 -> 0 | D11: =FR1_IAC!K46 -> 0 | E11: =FR1_IAC!D46 -> 0 | F11: =FR1_IAC!C46 -> For components that utilize password-based authentication, those component shall provide or integrate into a system that provides the capability to enforce configurable password strength based on internationally recognized and proven password guidelines. | H11: IEC 62443-4-2 | I11: =FR1_IAC!A45 -> CR | J11: =FR1_IAC!B45 -> 1.7 | K11: No | N11: =FR1_IAC!J47 -> 1
A12: 13 | B12: =CONCATENATE(H12," - ",J12," ",I12) -> IEC 62443-4-2 - 1.7.1 CR RE | C12: =FR1_IAC!D50 -> 0 | D12: =FR1_IAC!K49 -> 0 | E12: =FR1_IAC!D49 -> 0 | F12: =FR1_IAC!C49 -> Components shall provide, or integrate into a system that provides, the capability to protect against any given human user account from reusing a password for a configurable number of generations. In addition, the component shall provide the capability to enforce password minimum and maximum lifetime restrictions for human users. These capabilities shall conform to commonly accepted security industry practices. The component should provide the capability to prompt the user to change their password upon a configurable time prior to expiration. | H12: IEC 62443-4-2 | I12: =FR1_IAC!A48 -> CR RE | J12: =FR1_IAC!B48 -> 1.7.1 | K12: No | N12: =FR1_IAC!J50 -> 3
A13: 14 | B13: =CONCATENATE(H13," - ",J13," ",I13) -> IEC 62443-4-2 - 1.7.2 CR RE | C13: =FR1_IAC!D53 -> 0 | D13: =FR1_IAC!K52 -> 0 | E13: =FR1_IAC!D52 -> 0 | F13: =FR1_IAC!C52 -> Components shall provide, or integrate into a system that provides, the capability to enforce password minimum and maximum lifetime restrictions for all users. | H13: IEC 62443-4-2 | I13: =FR1_IAC!A51 -> CR RE | J13: =FR1_IAC!B51 -> 1.7.2 | K13: No | N13: =FR1_IAC!J53 -> 4
A14: 15 | B14: =CONCATENATE(H14," - ",J14," ",I14) -> IEC 62443-4-2 - 1.8 CR | C14: =FR1_IAC!D56 -> 0 | D14: =FR1_IAC!K55 -> 0 | E14: =FR1_IAC!D55 -> 0 | F14: =FR1_IAC!C55 -> When public key infrastructure (PKI) is utilized, the component shall provide or integrate into a system that provides the capability to interact and operate in accordance with ISA‑62443‑3‑3 SR1.8 | H14: IEC 62443-4-2 | I14: =FR1_IAC!A54 -> CR | J14: =FR1_IAC!B54 -> 1.8 | K14: No | N14: =FR1_IAC!J56 -> 2
A15: 16 | B15: =CONCATENATE(H15," - ",J15," ",I15) -> IEC 62443-4-2 - 1.9 CR | C15: =FR1_IAC!D59 -> 0 | D15: =FR1_IAC!K58 -> 0 | E15: =FR1_IAC!D58 -> 0 | F15: =FR1_IAC!C58 -> For components that utilize public key authentication, those components shall provide directly or integrate into a system that provides the capability within the same IACS environment to: a) validate certificates by checking the validity of the signature of a given certificate; b) validate the certificate chain or, in the case of self-signed certificates, by deploying leaf certificates to all hosts that communicate with the subject to which the certificate is issued; c) validate certificates by checking a given certificate’s revocation status; d) establish user (human, software process or device) control of the corresponding private key; e) map the authenticated identity to a user (human, software process or device); and f) ensure that the algorithms and keys used for the symmetric key authentication comply with 8.5 CR 4.3 – Use of cryptography. | H15: IEC 62443-4-2 | I15: =FR1_IAC!A57 -> CR | J15: =FR1_IAC!B57 -> 1.9 | K15: No | N15: =FR1_IAC!J59 -> 2
A16: 17 | B16: =CONCATENATE(H16," - ",J16," ",I16) -> IEC 62443-4-2 - 1.9.1 CR RE | C16: =FR1_IAC!D62 -> 0 | D16: =FR1_IAC!K61 -> 0 | E16: =FR1_IAC!D61 -> 0 | F16: =FR1_IAC!C61 -> Hardware security for public key authentication Components shall provide the capability to protect critical, long-lived private keys via hardware mechanisms. | H16: IEC 62443-4-2 | I16: =FR1_IAC!A60 -> CR RE | J16: =FR1_IAC!B60 -> 1.9.1 | K16: No | N16: =FR1_IAC!J62 -> 3
A17: 18 | B17: =CONCATENATE(H17," - ",J17," ",I17) -> IEC 62443-4-2 - 1.10 CR | C17: =FR1_IAC!D65 -> 0 | D17: =FR1_IAC!K64 -> 0 | E17: =FR1_IAC!D64 -> 0 | F17: =FR1_IAC!C64 -> When a component provides an authentication capability, the component shall provide the capability to obscure feedback of authentication information during the authentication process. | H17: IEC 62443-4-2 | I17: =FR1_IAC!A63 -> CR | J17: =FR1_IAC!B63 -> 1.10 | K17: No | N17: =FR1_IAC!J65 -> 1
A18: 19 | B18: =CONCATENATE(H18," - ",J18," ",I18) -> IEC 62443-4-2 - 1.11 CR | C18: =FR1_IAC!D68 -> 0 | D18: =FR1_IAC!K67 -> 0 | E18: =FR1_IAC!D67 -> 0 | F18: =FR1_IAC!C67 -> When a component provides an authentication capability, the component shall provide the capability to: a) enforce a limit of a configurable number of consecutive invalid access attempts by any user (human, software process or device) during a configurable time period; and b) deny access for a specified period of time or until unlocked by an administrator when this limit has been reached. An administrator may unlock an account prior to the expiration of the timeout period. | H18: IEC 62443-4-2 | I18: =FR1_IAC!A66 -> CR | J18: =FR1_IAC!B66 -> 1.11 | K18: No | N18: =FR1_IAC!J68 -> 1
A19: 20 | B19: =CONCATENATE(H19," - ",J19," ",I19) -> IEC 62443-4-2 - 1.12 CR | C19: =FR1_IAC!D71 -> 0 | D19: =FR1_IAC!K70 -> 0 | E19: =FR1_IAC!D70 -> 0 | F19: =FR1_IAC!C70 -> When a component provides local human user access/HMI, it shall provide the capability to display a system use notification message before authenticating. The system use notification message shall be configurable by authorized personnel. | H19: IEC 62443-4-2 | I19: =FR1_IAC!A69 -> CR | J19: =FR1_IAC!B69 -> 1.12 | K19: No | N19: =FR1_IAC!J71 -> 1
A20: 21 | B20: =CONCATENATE(H20," - ",J20," ",I20) -> IEC 62443-4-2 - 1.13 NDR | C20: =FR1_IAC!D74 -> 0 | D20: =FR1_IAC!K73 -> 0 | E20: =FR1_IAC!D73 -> 0 | F20: =FR1_IAC!C73 -> The network device supporting device access into a network shall provide the capability to monitor and control all methods of access to the network device via untrusted networks. | H20: IEC 62443-4-2 | I20: =FR1_IAC!A72 -> NDR | J20: =FR1_IAC!B72 -> 1.13 | K20: No | N20: =FR1_IAC!J74 -> 1
A21: 22 | B21: =CONCATENATE(H21," - ",J21," ",I21) -> IEC 62443-4-2 - 1.13.1 NDR RE | C21: =FR1_IAC!D77 -> 0 | D21: =FR1_IAC!K76 -> 0 | E21: =FR1_IAC!D76 -> 0 | F21: =FR1_IAC!C76 -> The network device shall provide the capability to deny access requests via untrusted networks unless explicitly approved by an assigned role. | H21: IEC 62443-4-2 | I21: =FR1_IAC!A75 -> NDR RE | J21: =FR1_IAC!B75 -> 1.13.1 | K21: No | N21: =FR1_IAC!J77 -> 3
A22: 23 | B22: =CONCATENATE(H22," - ",J22," ",I22) -> IEC 62443-4-2 - 1.14 CR | C22: =FR1_IAC!D80 -> 0 | D22: =FR1_IAC!K79 -> 0 | E22: =FR1_IAC!D79 -> 0 | F22: =FR1_IAC!C79 -> For components that utilize symmetric keys, the component shall provide the capability to: a) establish the mutual trust using the symmetric key; b) store securely the shared secret (the authentication is valid as long as the shared secret remains secret); c) restrict access to the shared secret; and d) ensure that the algorithms and keys used for the symmetric key authentication comply with CR 4.3 – Use of cryptography. | H22: IEC 62443-4-2 | I22: =FR1_IAC!A78 -> CR | J22: =FR1_IAC!B78 -> 1.14 | K22: No | N22: =FR1_IAC!J80 -> 2
A23: 24 | B23: =CONCATENATE(H23," - ",J23," ",I23) -> IEC 62443-4-2 - 1.14.1 CR RE | C23: =FR1_IAC!D83 -> 0 | D23: =FR1_IAC!K82 -> 0 | E23: =FR1_IAC!D82 -> 0 | F23: =FR1_IAC!C82 -> Components shall provide the capability to protect critical, long lived symmetric keys via hardware mechanisms. | H23: IEC 62443-4-2 | I23: =FR1_IAC!A81 -> CR RE | J23: =FR1_IAC!B81 -> 1.14.1 | K23: No | N23: =FR1_IAC!J83 -> 3
A24: 25 | B24: =CONCATENATE(H24," - ",J24," ",I24) -> IEC 62443-4-2 - 2.1 CR | C24: =FR2_UC!D11 -> 0 | D24: =FR2_UC!K10 -> 0 | E24: =FR2_UC!D10 -> 0 | F24: =FR2_UC!C10 -> The component shall provide an authorization enforcement mechanism for all identified and authenticated human users based on their assigned responsibilities. | H24: IEC 62443-4-2 | I24: =FR2_UC!A9 -> CR | J24: =FR2_UC!B9 -> 2.1 | K24: No | N24: =FR2_UC!J11 -> 1
A25: 26 | B25: =CONCATENATE(H25," - ",J25," ",I25) -> IEC 62443-4-2 - 2.1.1 CR RE | C25: =FR2_UC!D14 -> 0 | D25: =FR2_UC!K13 -> 0 | E25: =FR2_UC!D13 -> 0 | F25: =FR2_UC!C13 -> Components shall provide an authorization enforcement mechanism for all users based on their assigned responsibilities and least privilege. | H25: IEC 62443-4-2 | I25: =FR2_UC!A12 -> CR RE | J25: =FR2_UC!B12 -> 2.1.1 | K25: No | N25: =FR2_UC!J14 -> 2
A26: 27 | B26: =CONCATENATE(H26," - ",J26," ",I26) -> IEC 62443-4-2 - 2.1.2 CR RE | C26: =FR2_UC!D17 -> 0 | D26: =FR2_UC!K16 -> 0 | E26: =FR2_UC!D16 -> 0 | F26: =FR2_UC!C16 -> Components shall, directly or through a compensating security mechanism, provide for an authorized role to define and modify the mapping of permissions to roles for all human users. Roles should not be limited to fixed nested hierarchies in which a higher-level role is a super set of a lesser privileged role. For example, a system administrator should not necessarily encompass operator privileges. NOTE 1 This RE is applicable to software processes and devices as well. | H26: IEC 62443-4-2 | I26: =FR2_UC!A15 -> CR RE | J26: =FR2_UC!B15 -> 2.1.2 | K26: No | N26: =FR2_UC!J17 -> 2
A27: 28 | B27: =CONCATENATE(H27," - ",J27," ",I27) -> IEC 62443-4-2 - 2.1.3 CR RE | C27: =FR2_UC!D20 -> 0 | D27: =FR2_UC!K19 -> 0 | E27: =FR2_UC!D19 -> 0 | F27: =FR2_UC!C19 -> Components shall support a supervisor manual override for a configurable time or sequence of events. NOTE 2 Implementation of a controlled, audited and manual override of automated mechanisms in the event of emergencies or other serious events is often needed. This allows a supervisor to enable an operator to quickly react to unusual conditions without closing the current session and establishing a new session as a higher privilege human user. | H27: IEC 62443-4-2 | I27: =FR2_UC!A18 -> CR RE | J27: =FR2_UC!B18 -> 2.1.3 | K27: No | N27: =FR2_UC!J20 -> 3
A28: 29 | B28: =CONCATENATE(H28," - ",J28," ",I28) -> IEC 62443-4-2 - 2.1.4 CR RE | C28: =FR2_UC!D23 -> 0 | D28: =FR2_UC!K22 -> 0 | E28: =FR2_UC!D22 -> 0 | F28: =FR2_UC!C22 -> Components shall support dual approval when action can result in serious impact on the industrial process. Dual approval should be limited to actions which require a very high level of confidence that they will be performed reliably and correctly. Requiring dual approval provides emphasis to the seriousness of consequences that would result from failure of a correct action. An example of a situation in which dual approval is required would be a change to a set point of a critical industrial process. Dual approval mechanisms should not be employed when an immediate response is necessary to safeguard HSE consequences, for example, emergency shutdown of an industrial process. | H28: IEC 62443-4-2 | I28: =FR2_UC!A21 -> CR RE | J28: =FR2_UC!B21 -> 2.1.4 | K28: No | N28: =FR2_UC!J23 -> 4
A29: 30 | B29: =CONCATENATE(H29," - ",J29," ",I29) -> IEC 62443-4-2 - 2.2 CR | C29: =FR2_UC!D26 -> 0 | D29: =FR2_UC!K25 -> 0 | E29: =FR2_UC!D25 -> 0 | F29: =FR2_UC!C25 -> If a component supports usage through wireless interfaces it shall provide the capability to authorize, monitor and enforce usage restrictions according to commonly accepted industry practices. | H29: IEC 62443-4-2 | I29: =FR2_UC!A24 -> CR | J29: =FR2_UC!B24 -> 2.2 | K29: No | N29: =FR2_UC!J26 -> 1
A30: 31 | B30: =CONCATENATE(H30," - ",J30," ",I30) -> IEC 62443-4-2 - 2.3 CR | C30: =FR2_UC!D29 -> 0 | D30: =FR2_UC!K28 -> 0 | E30: =FR2_UC!D28 -> 0 | F30: =FR2_UC!C28 -> There is no component level requirement associated with ISA‑62443‑3‑3 SR 2.3. | H30: IEC 62443-4-2 | I30: =FR2_UC!A27 -> CR | J30: =FR2_UC!B27 -> 2.3 | K30: No | N30: =FR2_UC!J29 -> 0
A31: 32 | B31: =CONCATENATE(H31," - ",J31," ",I31) -> IEC 62443-4-2 - 2.4 SAR | C31: =FR2_UC!D32 -> 0 | D31: =FR2_UC!K32 -> 0 | E31: =FR2_UC!D31 -> 0 | F31: =FR2_UC!C31 -> In the event that a software application utilizes mobile code technologies, that application shall provide the capability to enforce a security policy for the usage of mobile code technologies. The security policy shall allow, at a minimum, the following actions for each mobile code technology used on the software application: a) Control execution of mobile code; b) Control which users (human, software process, or device) are allowed to transfer mobile code to/from the application; c) Control the execution of mobile code based on the results of an integrity check prior to the code being executed. | H31: IEC 62443-4-2 | I31: =FR2_UC!A30 -> SAR | J31: =FR2_UC!B30 -> 2.4 | K31: No | N31: =FR2_UC!J32 -> 1
A32: 33 | B32: =CONCATENATE(H32," - ",J32," ",I32) -> IEC 62443-4-2 - 2.4.1 SAR RE | C32: =FR2_UC!D35 -> 0 | D32: =FR2_UC!K34 -> 0 | E32: =FR2_UC!D34 -> 0 | F32: =FR2_UC!C34 -> The application shall provide the capability to enforce a security policy that allows the device to control execution of mobile code based on the results of an authenticity check prior to the code being executed. | H32: IEC 62443-4-2 | I32: =FR2_UC!A33 -> SAR RE | J32: =FR2_UC!B33 -> 2.4.1 | K32: No | N32: =FR2_UC!J35 -> 2
A33: 36 | B33: =CONCATENATE(H33," - ",J33," ",I33) -> IEC 62443-4-2 - 2.4 HDR | C33: =FR2_UC!D46 -> 0 | D33: =FR2_UC!K45 -> 0 | E33: =FR2_UC!D45 -> 0 | F33: =FR2_UC!C45 -> In the event that a host device utilizes mobile code technologies, the embedded device shall provide the capability to enforce a security policy for the usage of mobile code technologies. The security policy shall allow, at a minimum, the following actions for each mobile code technology used on the host device: a) Control execution of mobile code; b) Control which users (human, software process, or device) are allowed to upload mobile code to the device; c) Control the code execution based upon integrity checks on the mobile code and prior to the code being executed | H33: IEC 62443-4-2 | I33: =FR2_UC!A44 -> HDR | J33: =FR2_UC!B44 -> 2.4 | K33: No | N33: =FR2_UC!J46 -> 1
A34: 37 | B34: =CONCATENATE(H34," - ",J34," ",I34) -> IEC 62443-4-2 - 2.4.1 HDR RE | C34: =FR2_UC!D49 -> 0 | D34: =FR2_UC!K48 -> 0 | E34: =FR2_UC!D48 -> 0 | F34: =FR2_UC!C48 -> The host device shall provide the capability to enforce a security policy that allows the device to control execution of mobile code based on the results of an authenticity check prior to the code being executed | H34: IEC 62443-4-2 | I34: =FR2_UC!A47 -> HDR RE | J34: =FR2_UC!B47 -> 2.4.1 | K34: No | N34: =FR2_UC!J49 -> 2
A35: 38 | B35: =CONCATENATE(H35," - ",J35," ",I35) -> IEC 62443-4-2 - 2.4 NDR | C35: =FR2_UC!D52 -> 0 | D35: =FR2_UC!K51 -> 0 | E35: =FR2_UC!D51 -> 0 | F35: =FR2_UC!C51 -> In the event that a network device utilizes mobile code technologies, the embedded device shall provide the capability to enforce a security policy for the usage of mobile code technologies. The security policy shall allow, at a minimum, the following actions for each mobile code technology used on the network device: a) Control execution of mobile code; b) Control which users (human, software process, or device) are allowed to upload mobile code to the device; c) Control the code execution based upon integrity checks on the mobile code and prior to the code being executed | H35: IEC 62443-4-2 | I35: =FR2_UC!A50 -> NDR | J35: =FR2_UC!B50 -> 2.4 | K35: No | N35: =FR2_UC!J52 -> 1
A36: 39 | B36: =CONCATENATE(H36," - ",J36," ",I36) -> IEC 62443-4-2 - 2.4.1 NDR RE | C36: =FR2_UC!D55 -> 0 | D36: =FR2_UC!K54 -> 0 | E36: =FR2_UC!D54 -> 0 | F36: =FR2_UC!C54 -> The host device shall provide the capability to enforce a security policy that allows the device to control execution of mobile code based on the results of an authenticity check prior to the code being executed | H36: IEC 62443-4-2 | I36: =FR2_UC!A53 -> NDR RE | J36: =FR2_UC!B53 -> 2.4.1 | K36: No | N36: =FR2_UC!J55 -> 2
A37: 40 | B37: =CONCATENATE(H37," - ",J37," ",I37) -> IEC 62443-4-2 - 2.5 CR | C37: =FR2_UC!D58 -> 0 | D37: =FR2_UC!K57 -> 0 | E37: =FR2_UC!D57 -> 0 | F37: =FR2_UC!C57 -> If a component provides a human user interface, whether accessed locally or via a network, the component shall provide the capability a) to protect against further access by initiating a session lock after a configurable time period of inactivity or by manual initiation by the user (human, software process or device); and b) for the session lock to remain in effect until the human user who owns the session, or another authorized human user, re-establishes access using appropriate identification and authentication procedures. | H37: IEC 62443-4-2 | I37: =FR2_UC!A56 -> CR | J37: =FR2_UC!B56 -> 2.5 | K37: No | N37: =FR2_UC!J58 -> 1
A38: 41 | B38: =CONCATENATE(H38," - ",J38," ",I38) -> IEC 62443-4-2 - 2.6 CR | C38: =FR2_UC!D61 -> 0 | D38: =FR2_UC!K60 -> 0 | E38: =FR2_UC!D60 -> 0 | F38: =FR2_UC!C60 -> If a component supports remote sessions, the component shall provide the capability to terminate a remote session either automatically after a configurable time period of inactivity, manually by a local authority, or manually by the user (human, software process or device) who initiated the session. | H38: IEC 62443-4-2 | I38: =FR2_UC!A59 -> CR | J38: =FR2_UC!B59 -> 2.6 | K38: No | N38: =FR2_UC!J61 -> 2
A39: 42 | B39: =CONCATENATE(H39," - ",J39," ",I39) -> IEC 62443-4-2 - 2.7 CR | C39: =FR2_UC!D64 -> 0 | D39: =FR2_UC!K63 -> 0 | E39: =FR2_UC!D63 -> 0 | F39: =FR2_UC!C63 -> Components shall provide the capability to limit the number of concurrent sessions per interface for any given user (human, software process or device). | H39: IEC 62443-4-2 | I39: =FR2_UC!A62 -> CR | J39: =FR2_UC!B62 -> 2.7 | K39: No | N39: =FR2_UC!J64 -> 3
A40: 43 | B40: =CONCATENATE(H40," - ",J40," ",I40) -> IEC 62443-4-2 - 2.8 CR | C40: =FR2_UC!D67 -> 0 | D40: =FR2_UC!K66 -> 0 | E40: =FR2_UC!D66 -> 0 | F40: =FR2_UC!C66 -> Components shall provide the capability to generate audit records relevant to security for the following categories: a) access control; b) request errors; c) control system events; d) backup and restore event; e) configuration changes; and f) audit log events. Individual audit records shall include: a) timestamp; b) source (originating device, software process or human user account); c) category; d) type; e) event ID; and f) event result. | H40: IEC 62443-4-2 | I40: =FR2_UC!A65 -> CR | J40: =FR2_UC!B65 -> 2.8 | K40: No | N40: =FR2_UC!J67 -> 1
A41: 44 | B41: =CONCATENATE(H41," - ",J41," ",I41) -> IEC 62443-4-2 - 2.9 CR | C41: =FR2_UC!D70 -> 0 | D41: =FR2_UC!K69 -> 0 | E41: =FR2_UC!D69 -> 0 | F41: =FR2_UC!C69 -> Components shall a) provide the capability to allocate audit record storage capacity according to commonly recognized recommendations for log management; and b) provide mechanisms to protect against a failure of the component when it reaches or exceeds the audit storage capacity. | H41: IEC 62443-4-2 | I41: =FR2_UC!A68 -> CR | J41: =FR2_UC!B68 -> 2.9 | K41: No | N41: =FR2_UC!J70 -> 1
A42: 45 | B42: =CONCATENATE(H42," - ",J42," ",I42) -> IEC 62443-4-2 - 2.9.1 CR RE | C42: =FR2_UC!D73 -> 0 | D42: =FR2_UC!K72 -> 0 | E42: =FR2_UC!D72 -> 0 | F42: =FR2_UC!C72 -> Components shall provide the capability to issue a warning when the allocated audit record storage reaches a configurable threshold. | H42: IEC 62443-4-2 | I42: =FR2_UC!A71 -> CR RE | J42: =FR2_UC!B71 -> 2.9.1 | K42: No | N42: =FR2_UC!J73 -> 3
A43: 46 | B43: =CONCATENATE(H43," - ",J43," ",I43) -> IEC 62443-4-2 - 2.10 CR | C43: =FR2_UC!D76 -> 0 | D43: =FR2_UC!K75 -> 0 | E43: =FR2_UC!D75 -> 0 | F43: =FR2_UC!C75 -> Components shall a) provide the capability to protect against the loss of essential services and functions in the event of an audit processing failure; and b) provide the capability to support appropriate actions in response to an audit processing failure according to commonly accepted industry practices and recommendations. | H43: IEC 62443-4-2 | I43: =FR2_UC!A74 -> CR | J43: =FR2_UC!B74 -> 2.10 | K43: No | N43: =FR2_UC!J76 -> 1
A44: 47 | B44: =CONCATENATE(H44," - ",J44," ",I44) -> IEC 62443-4-2 - 2.11 CR | C44: =FR2_UC!D79 -> 0 | D44: =FR2_UC!K78 -> 0 | E44: =FR2_UC!D78 -> 0 | F44: =FR2_UC!C78 -> Components shall provide the capability to create timestamps (including date and time) for use in audit records. | H44: IEC 62443-4-2 | I44: =FR2_UC!A77 -> CR | J44: =FR2_UC!B77 -> 2.11 | K44: No | N44: =FR2_UC!J79 -> 1
A45: 48 | B45: =CONCATENATE(H45," - ",J45," ",I45) -> IEC 62443-4-2 - 2.11.1 CR RE | C45: =FR2_UC!D82 -> 0 | D45: =FR2_UC!K81 -> 0 | E45: =FR2_UC!D81 -> 0 | F45: =FR2_UC!C81 -> Components shall provide the capability to create timestamps that are synchronized with a system wide time source. | H45: IEC 62443-4-2 | I45: =FR2_UC!A80 -> CR RE | J45: =FR2_UC!B80 -> 2.11.1 | K45: No | N45: =FR2_UC!J82 -> 2
A46: 49 | B46: =CONCATENATE(H46," - ",J46," ",I46) -> IEC 62443-4-2 - 2.11.2 CR RE | C46: =FR2_UC!D85 -> 0 | D46: =FR2_UC!K84 -> 0 | E46: =FR2_UC!D84 -> 0 | F46: =FR2_UC!C84 -> The time synchronization mechanism shall provide the capability to detect unauthorized alteration and cause an audit event upon alteration. | H46: IEC 62443-4-2 | I46: =FR2_UC!A83 -> CR RE | J46: =FR2_UC!B83 -> 2.11.2 | K46: No | N46: =FR2_UC!J85 -> 4
A47: 50 | B47: =CONCATENATE(H47," - ",J47," ",I47) -> IEC 62443-4-2 - 2.12 CR | C47: =FR2_UC!D88 -> 0 | D47: =FR2_UC!K87 -> 0 | E47: =FR2_UC!D87 -> 0 | F47: =FR2_UC!C87 -> If a component provides a human user interface, the component shall provide the capability to determine whether a given human user took a particular action. Control elements that are not able to support such capability shall be listed in component documents. | H47: IEC 62443-4-2 | I47: =FR2_UC!A86 -> CR | J47: =FR2_UC!B86 -> 2.12 | K47: No | N47: =FR2_UC!J88 -> 1
A48: 51 | B48: =CONCATENATE(H48," - ",J48," ",I48) -> IEC 62443-4-2 - 2.12.1 CR RE | C48: =FR2_UC!D91 -> 0 | D48: =FR2_UC!K90 -> 0 | E48: =FR2_UC!D90 -> 0 | F48: =FR2_UC!C90 -> Components shall provide the capability to determine whether a given user (human, software process or device) took a particular action. | H48: IEC 62443-4-2 | I48: =FR2_UC!A89 -> CR RE | J48: =FR2_UC!B89 -> 2.12.1 | K48: No | N48: =FR2_UC!J91 -> 4
A49: 53 | B49: =CONCATENATE(H49," - ",J49," ",I49) -> IEC 62443-4-2 - 2.13.1 EDR RE | C49: =FR2_UC!D97 -> 0 | D49: =FR2_UC!K96 -> 0 | E49: =FR2_UC!D96 -> 0 | F49: =FR2_UC!C96 -> Embedded devices shall provide active monitoring of the device’s diagnostic and test interface(s) and generate a log entry when attempts to access these interface(s) are detected. | H49: IEC 62443-4-2 | I49: =FR2_UC!A95 -> EDR RE | J49: =FR2_UC!B95 -> 2.13.1 | K49: No | N49: =FR2_UC!J97 -> 3
A50: 54 | B50: =CONCATENATE(H50," - ",J50," ",I50) -> IEC 62443-4-2 - 2.13 HDR | C50: =FR2_UC!D100 -> 0 | D50: =FR2_UC!K99 -> 0 | E50: =FR2_UC!D99 -> MCSR 1.0 is more strict as to not allow debugging interfaces at all, also software debugging symbols are included in MCSR 1.0 | F50: =FR2_UC!C99 -> Host devices shall prevent unauthorized use of the physical factory diagnostic and test interface(s) (e.g. JTAG debugging). | H50: IEC 62443-4-2 | I50: =FR2_UC!A98 -> HDR | J50: =FR2_UC!B98 -> 2.13 | K50: No | N50: =FR2_UC!J100 -> 2
A51: 55 | B51: =CONCATENATE(H51," - ",J51," ",I51) -> IEC 62443-4-2 - 2.13.1 HDR RE | C51: =FR2_UC!D103 -> 0 | D51: =FR2_UC!K102 -> 0 | E51: =FR2_UC!D102 -> 0 | F51: =FR2_UC!C102 -> Host devices shall provide active monitoring of the device’s diagnostic and test interface(s) and generate a log entry when attempts to access these interface(s) are detected. | H51: IEC 62443-4-2 | I51: =FR2_UC!A101 -> HDR RE | J51: =FR2_UC!B101 -> 2.13.1 | K51: No | N51: =FR2_UC!J103 -> 3
A52: 56 | B52: =CONCATENATE(H52," - ",J52," ",I52) -> IEC 62443-4-2 - 2.13 NDR | C52: =FR2_UC!D106 -> 0 | D52: =FR2_UC!K105 -> 0 | E52: =FR2_UC!D105 -> MCSR 1.0 is more strict as to not allow debugging interfaces at all, also software debugging symbols are included in MCSR 1.0 | F52: =FR2_UC!C105 -> Network devices shall prevent unauthorized use of the physical factory diagnostic and test interface(s) (e.g. JTAG debugging). | H52: IEC 62443-4-2 | I52: =FR2_UC!A104 -> NDR | J52: =FR2_UC!B104 -> 2.13 | K52: No | N52: =FR2_UC!J106 -> 2
A53: 57 | B53: =CONCATENATE(H53," - ",J53," ",I53) -> IEC 62443-4-2 - 2.13.1 NDR RE | C53: =FR2_UC!D109 -> 0 | D53: =FR2_UC!K108 -> 0 | E53: =FR2_UC!D108 -> 0 | F53: =FR2_UC!C108 -> Network devices shall provide active monitoring of the device’s diagnostic and test interface(s) and generate a log entry when attempts to access these interface(s) are detected. | H53: IEC 62443-4-2 | I53: =FR2_UC!A107 -> NDR RE | J53: =FR2_UC!B107 -> 2.13.1 | K53: No | N53: =FR2_UC!J109 -> 3
A54: 59 | B54: =CONCATENATE(H54," - ",J54," ",I54) -> IEC 62443-4-2 - 3.1.1 CR RE | C54: =FR3_SI!D14 -> 0 | D54: =FR3_SI!K13 -> MP-15.1 | E54: =FR3_SI!D13 -> MP-15 talks about "secure protocols" which we usually interpret as at least providing integrity and authenticity. | F54: =FR3_SI!C13 -> Components shall provide the capability to verify authenticity of received information during communication. NOTE: Both integrity protection and authentication of origin can be achieved without providing confidentiality protection. | H54: IEC 62443-4-2 | I54: =FR3_SI!A12 -> CR RE | J54: =FR3_SI!B12 -> 3.1.1 | K54: No | N54: =FR3_SI!J14 -> 2
A55: 60 | B55: =CONCATENATE(H55," - ",J55," ",I55) -> IEC 62443-4-2 - 3.2 SAR | C55: =FR3_SI!D17 -> 0 | D55: =FR3_SI!K16 -> 0 | E55: =FR3_SI!D16 -> 0 | F55: =FR3_SI!C16 -> The application product supplier shall qualify and document which protection from malicious code mechanisms are compatible with the application and note any special configuration requirements. | H55: IEC 62443-4-2 | I55: =FR3_SI!A15 -> SAR | J55: =FR3_SI!B15 -> 3.2 | K55: No | N55: =FR3_SI!J17 -> 1
A56: 62 | B56: =CONCATENATE(H56," - ",J56," ",I56) -> IEC 62443-4-2 - 3.2 HDR | C56: =FR3_SI!D23 -> 0 | D56: =FR3_SI!K22 -> 0 | E56: =FR3_SI!D22 -> 0 | F56: =FR3_SI!C22 -> There shall be mechanisms on host devices that are qualified by the IACS product supplier to provide protection from malicious code. The IACS product supplier shall document any special configuration requirements related to protection from malicious code. | H56: IEC 62443-4-2 | I56: =FR3_SI!A21 -> HDR | J56: =FR3_SI!B21 -> 3.2 | K56: No | N56: =FR3_SI!J23 -> 1
A57: 63 | B57: =CONCATENATE(H57," - ",J57," ",I57) -> IEC 62443-4-2 - 3.2.1 HDR RE | C57: =FR3_SI!D26 -> 0 | D57: =FR3_SI!K25 -> 0 | E57: =FR3_SI!D25 -> 0 | F57: =FR3_SI!C25 -> The host device shall automatically report the software and file versions of protection from malicious code in use (as part of overall logging function). | H57: IEC 62443-4-2 | I57: =FR3_SI!A24 -> HDR RE | J57: =FR3_SI!B24 -> 3.2.1 | K57: No | N57: =FR3_SI!J26 -> 2
A58: 64 | B58: =CONCATENATE(H58," - ",J58," ",I58) -> IEC 62443-4-2 - 3.2 NDR | C58: =FR3_SI!D29 -> 0 | D58: =FR3_SI!K28 -> 0 | E58: =FR3_SI!D28 -> 0 | F58: =FR3_SI!C28 -> The network device shall provide for protection from malicious code | H58: IEC 62443-4-2 | I58: =FR3_SI!A27 -> NDR | J58: =FR3_SI!B27 -> 3.2 | K58: No | N58: =FR3_SI!J29 -> 1
A59: 65 | B59: =CONCATENATE(H59," - ",J59," ",I59) -> IEC 62443-4-2 - 3.3 CR | C59: =FR3_SI!D32 -> 0 | D59: =FR3_SI!K31 -> 0 | E59: =FR3_SI!D31 -> MP-07 is about documentation, not about components performing something | F59: =FR3_SI!C31 -> Components shall provide the capability to support verification of the intended operation of security functions according to ISA‑62443‑3‑3 [11] SR3.3 | H59: IEC 62443-4-2 | I59: =FR3_SI!A30 -> CR | J59: =FR3_SI!B30 -> 3.3 | K59: No | N59: =FR3_SI!J32 -> 1
A60: 66 | B60: =CONCATENATE(H60," - ",J60," ",I60) -> IEC 62443-4-2 - 3.3.1 CR RE | C60: =FR3_SI!D35 -> 0 | D60: =FR3_SI!K34 -> 0 | E60: =FR3_SI!D34 -> 0 | F60: =FR3_SI!C34 -> Components shall provide the capability to support verification of the intended operation of security functions during normal operations. NOTE This RE needs to be carefully implemented to avoid detrimental effects. It may not be suitable for safety systems. | H60: IEC 62443-4-2 | I60: =FR3_SI!A33 -> CR RE | J60: =FR3_SI!B33 -> 3.3.1 | K60: No | N60: =FR3_SI!J35 -> 4
A61: 69 | B61: =CONCATENATE(H61," - ",J61," ",I61) -> IEC 62443-4-2 - 3.4.2 CR RE | C61: =FR3_SI!D54 -> 0 | D61: =FR3_SI!K53 -> 0 | E61: =FR3_SI!D53 -> 0 | F61: =FR3_SI!C53 -> If the component is performing the integrity check, it shall be capable of automatically providing notification to a configurable entity upon discovery of an attempt to make an unauthorized change. | H61: IEC 62443-4-2 | I61: =FR3_SI!A52 -> CR RE | J61: =FR3_SI!B52 -> 3.4.2 | K61: No | N61: =FR3_SI!J54 -> 3
A62: 71 | B62: =CONCATENATE(H62," - ",J62," ",I62) -> IEC 62443-4-2 - 3.6 CR | C62: =FR3_SI!D60 -> 0 | D62: =FR3_SI!K59 -> 0 | E62: =FR3_SI!D59 -> 0 | F62: =FR3_SI!C59 -> Components that physically or logically connect to an automation process shall provide the capability to set outputs to a predetermined state if normal operation as defined by the component supplier cannot be maintained. | H62: IEC 62443-4-2 | I62: =FR3_SI!A58 -> CR | J62: =FR3_SI!B58 -> 3.6 | K62: No | N62: =FR3_SI!J60 -> 1
A63: 74 | B63: =CONCATENATE(H63," - ",J63," ",I63) -> IEC 62443-4-2 - 3.9 CR | C63: =FR3_SI!D71 -> 0 | D63: =FR3_SI!K70 -> 0 | E63: =FR3_SI!D70 -> 0 | F63: =FR3_SI!C70 -> Components shall protect audit information, audit logs, and audit tools (if present) from unauthorized access, modification and deletion. | H63: IEC 62443-4-2 | I63: =FR3_SI!A69 -> CR | J63: =FR3_SI!B69 -> 3.9 | K63: No | N63: =FR3_SI!J71 -> 2
A64: 75 | B64: =CONCATENATE(H64," - ",J64," ",I64) -> IEC 62443-4-2 - 3.9.1 CR RE | C64: =FR3_SI!D74 -> 0 | D64: =FR3_SI!K73 -> 0 | E64: =FR3_SI!D73 -> 0 | F64: =FR3_SI!C73 -> Components shall provide the capability to store audit records on hardware-enforced write-once media. | H64: IEC 62443-4-2 | I64: =FR3_SI!A72 -> CR RE | J64: =FR3_SI!B72 -> 3.9.1 | K64: No | N64: =FR3_SI!J74 -> 4
A65: 78 | B65: =CONCATENATE(H65," - ",J65," ",I65) -> IEC 62443-4-2 - 3.10 HDR | C65: =FR3_SI!D83 -> 0 | D65: =FR3_SI!K82 -> 0 | E65: =FR3_SI!D82 -> 0 | F65: =FR3_SI!C82 -> Host devices shall support the ability to be updated and upgraded. | H65: IEC 62443-4-2 | I65: =FR3_SI!A81 -> HDR | J65: =FR3_SI!B81 -> 3.10 | K65: No | N65: =FR3_SI!J83 -> 1
A66: 79 | B66: =CONCATENATE(H66," - ",J66," ",I66) -> IEC 62443-4-2 - 3.10.1 HDR RE | C66: =FR3_SI!D86 -> 0 | D66: =FR3_SI!K85 -> 0 | E66: =FR3_SI!D85 -> 0 | F66: =FR3_SI!C85 -> Host devices shall validate the authenticity and integrity of any software update or upgrade prior to installation. | H66: IEC 62443-4-2 | I66: =FR3_SI!A84 -> HDR RE | J66: =FR3_SI!B84 -> 3.10.1 | K66: No | N66: =FR3_SI!J86 -> 3
A67: 80 | B67: =CONCATENATE(H67," - ",J67," ",I67) -> IEC 62443-4-2 - 3.10 NDR | C67: =FR3_SI!D89 -> 0 | D67: =FR3_SI!K88 -> 0 | E67: =FR3_SI!D88 -> 0 | F67: =FR3_SI!C88 -> Network devices shall support the ability to be updated and upgraded. | H67: IEC 62443-4-2 | I67: =FR3_SI!A87 -> NDR | J67: =FR3_SI!B87 -> 3.10 | K67: No | N67: =FR3_SI!J89 -> 1
A68: 81 | B68: =CONCATENATE(H68," - ",J68," ",I68) -> IEC 62443-4-2 - 3.10.1 NDR RE | C68: =FR3_SI!D92 -> 0 | D68: =FR3_SI!K91 -> 0 | E68: =FR3_SI!D91 -> 0 | F68: =FR3_SI!C91 -> Network devices shall validate the authenticity and integrity of any software update or upgrade prior to installation. | H68: IEC 62443-4-2 | I68: =FR3_SI!A90 -> NDR RE | J68: =FR3_SI!B90 -> 3.10.1 | K68: No | N68: =FR3_SI!J92 -> 2
A69: 82 | B69: =CONCATENATE(H69," - ",J69," ",I69) -> IEC 62443-4-2 - 3.11 EDR | C69: =FR3_SI!D95 -> 0 | D69: =FR3_SI!K94 -> 0 | E69: =FR3_SI!D94 -> 0 | F69: =FR3_SI!C94 -> The embedded device shall provide tamper resistance and detection mechanisms to protect against unauthorized physical access into the device | H69: IEC 62443-4-2 | I69: =FR3_SI!A93 -> EDR | J69: =FR3_SI!B93 -> 3.11 | K69: No | N69: =FR3_SI!J95 -> 2
A70: 83 | B70: =CONCATENATE(H70," - ",J70," ",I70) -> IEC 62443-4-2 - 3.11.1 EDR RE | C70: =FR3_SI!D98 -> 0 | D70: =FR3_SI!K97 -> 0 | E70: =FR3_SI!D97 -> 0 | F70: =FR3_SI!C97 -> The embedded device shall be capable of automatically providing notification to a configurable set of recipients upon discovery of an attempt to make an unauthorized physical access. All notifications of tampering shall be logged as part of the overall audit logging function. | H70: IEC 62443-4-2 | I70: =FR3_SI!A96 -> EDR RE | J70: =FR3_SI!B96 -> 3.11.1 | K70: No | N70: =FR3_SI!J98 -> 3
A71: 84 | B71: =CONCATENATE(H71," - ",J71," ",I71) -> IEC 62443-4-2 - 3.11 HDR | C71: =FR3_SI!D101 -> 0 | D71: =FR3_SI!K100 -> 0 | E71: =FR3_SI!D100 -> 0 | F71: =FR3_SI!C100 -> Host devices shall provide the capability to support tamper resistance and detection mechanisms to protect against unauthorized physical access into the device. | H71: IEC 62443-4-2 | I71: =FR3_SI!A99 -> HDR | J71: =FR3_SI!B99 -> 3.11 | K71: No | N71: =FR3_SI!J101 -> 2
A72: 85 | B72: =CONCATENATE(H72," - ",J72," ",I72) -> IEC 62443-4-2 - 3.11.1 HDR RE | C72: =FR3_SI!D104 -> 0 | D72: =FR3_SI!K103 -> 0 | E72: =FR3_SI!D103 -> 0 | F72: =FR3_SI!C103 -> Host devices shall be capable of automatically providing notification to a configurable set of recipients upon discovery of an attempt to make an unauthorized physical access. All notifications of tampering shall be logged as part of the overall audit logging function. | H72: IEC 62443-4-2 | I72: =FR3_SI!A102 -> HDR RE | J72: =FR3_SI!B102 -> 3.11.1 | K72: No | N72: =FR3_SI!J104 -> 3
A73: 86 | B73: =CONCATENATE(H73," - ",J73," ",I73) -> IEC 62443-4-2 - 3.11 NDR | C73: =FR3_SI!D107 -> 0 | D73: =FR3_SI!K106 -> 0 | E73: =FR3_SI!D106 -> 0 | F73: =FR3_SI!C106 -> Network devices shall provide tamper resistance and detection mechanisms to protect against unauthorized physical access into the device. | H73: IEC 62443-4-2 | I73: =FR3_SI!A105 -> NDR | J73: =FR3_SI!B105 -> 3.11 | K73: No | N73: =FR3_SI!J107 -> 2
A74: 87 | B74: =CONCATENATE(H74," - ",J74," ",I74) -> IEC 62443-4-2 - 3.11.1 NDR RE | C74: =FR3_SI!D110 -> 0 | D74: =FR3_SI!K109 -> 0 | E74: =FR3_SI!D109 -> 0 | F74: =FR3_SI!C109 -> Network devices shall be capable of automatically providing notification to a configurable set of recipients upon discovery of an attempt to make an unauthorized physical access. All notifications of tampering shall be logged as part of the overall audit logging function. | H74: IEC 62443-4-2 | I74: =FR3_SI!A108 -> NDR RE | J74: =FR3_SI!B108 -> 3.11.1 | K74: No | N74: =FR3_SI!J110 -> 3
A75: 89 | B75: =CONCATENATE(H75," - ",J75," ",I75) -> IEC 62443-4-2 - 3.12 HDR | C75: =FR3_SI!D116 -> 0 | D75: =FR3_SI!K115 -> IfS | E75: =FR3_SI!D115 -> Only required for Internet-facing according to MCSR1.0 | F75: =FR3_SI!C115 -> Host devices shall provide the capability to provision and protect the confidentiality, integrity, and authenticity of product supplier keys and data to be used as one or more “roots of trust” at the time of manufacture of the device. | H75: IEC 62443-4-2 | I75: =FR3_SI!A114 -> HDR | J75: =FR3_SI!B114 -> 3.12 | K75: No | N75: =FR3_SI!J116 -> 2
A76: 90 | B76: =CONCATENATE(H76," - ",J76," ",I76) -> IEC 62443-4-2 - 3.12 NDR | C76: =FR3_SI!D119 -> 0 | D76: =FR3_SI!K118 -> 0 | E76: =FR3_SI!D118 -> 0 | F76: =FR3_SI!C118 -> Network devices shall provide the capability to provision and protect the confidentiality, integrity, and authenticity of product supplier keys and data to be used as one or more “roots of trust” at the time of manufacture of the device. | H76: IEC 62443-4-2 | I76: =FR3_SI!A117 -> NDR | J76: =FR3_SI!B117 -> 3.12 | K76: No | N76: =FR3_SI!J119 -> 2
A77: 92 | B77: =CONCATENATE(H77," - ",J77," ",I77) -> IEC 62443-4-2 - 3.13 HDR | C77: =FR3_SI!D127 -> Supported | D77: =FR3_SI!K125 -> 0 | E77: =FR3_SI!D125 -> 0 | F77: =FR3_SI!C125 -> Host devices shall a) provide the capability to provision and protect the confidentiality, integrity, and authenticity of asset owner keys and data to be used as “roots of trust” | H77: IEC 62443-4-2 | I77: =FR3_SI!A124 -> HDR | J77: =FR3_SI!B124 -> 3.13 | K77: No | N77: =FR3_SI!J127 -> 2
A78: 93 | B78: =CONCATENATE(H78," - ",J78," ",I78) -> IEC 62443-4-2 - 3.13 NDR | C78: =FR3_SI!D131 -> 0 | D78: =FR3_SI!K129 -> 0 | E78: =FR3_SI!D129 -> 0 | F78: =FR3_SI!C129 -> Network devices shall a) provide the capability to provision and protect the confidentiality, integrity, and authenticity of asset owner keys and data to be used as “roots of trust” | H78: IEC 62443-4-2 | I78: =FR3_SI!A128 -> NDR | J78: =FR3_SI!B128 -> 3.13 | K78: No | N78: =FR3_SI!J131 -> 2
A79: 95 | B79: =CONCATENATE(H79," - ",J79," ",I79) -> IEC 62443-4-2 - 3.14.1 EDR RE | C79: =FR3_SI!D139 -> 0 | D79: =FR3_SI!K138 -> 0 | E79: =FR3_SI!D138 -> 0 | F79: =FR3_SI!C138 -> Embedded devices shall use the component’s product supplier roots of trust to verify the authenticity of the firmware, software, and configuration data needed for the component’s boot process prior to it being used in the boot process. | H79: IEC 62443-4-2 | I79: =FR3_SI!A137 -> EDR RE | J79: =FR3_SI!B137 -> 3.14.1 | K79: No | N79: =FR3_SI!J139 -> 2
A80: 96 | B80: =CONCATENATE(H80," - ",J80," ",I80) -> IEC 62443-4-2 - 3.14 HDR | C80: =FR3_SI!D144 -> 0 | D80: =FR3_SI!K141 -> IfS | E80: =FR3_SI!D141 -> 0 | F80: =FR3_SI!C141 -> Host devices shall verify the integrity of the firmware needed for component’s boot process prior to it being used in the boot process. | H80: IEC 62443-4-2 | I80: =FR3_SI!A140 -> HDR | J80: =FR3_SI!B140 -> 3.14 | K80: No | N80: =FR3_SI!J144 -> 1
A81: 97 | B81: =CONCATENATE(H81," - ",J81," ",I81) -> IEC 62443-4-2 - 3.14.1 HDR RE | C81: =FR3_SI!D147 -> 0 | D81: =FR3_SI!K146 -> 0 | E81: =FR3_SI!D146 -> 0 | F81: =FR3_SI!C146 -> Host devices shall use the component’s product supplier roots of trust to verify the authenticity of the firmware, software, and configuration data needed for component’s boot process prior to it being used in the boot process. | H81: IEC 62443-4-2 | I81: =FR3_SI!A145 -> HDR RE | J81: =FR3_SI!B145 -> 3.14.1 | K81: No | N81: =FR3_SI!J147 -> 2
A82: 98 | B82: =CONCATENATE(H82," - ",J82," ",I82) -> IEC 62443-4-2 - 3.14 NDR | C82: =FR3_SI!D152 -> 0 | D82: =FR3_SI!K149 -> IfS | E82: =FR3_SI!D149 -> 0 | F82: =FR3_SI!C149 -> Network devices shall verify the integrity of the firmware needed for the component’s boot and runtime processes prior to use. | H82: IEC 62443-4-2 | I82: =FR3_SI!A148 -> NDR | J82: =FR3_SI!B148 -> 3.14 | K82: No | N82: =FR3_SI!J152 -> 1
A83: 99 | B83: =CONCATENATE(H83," - ",J83," ",I83) -> IEC 62443-4-2 - 3.14.1 NDR RE | C83: =FR3_SI!D155 -> 0 | D83: =FR3_SI!K154 -> 0 | E83: =FR3_SI!D154 -> 0 | F83: =FR3_SI!C154 -> Network devices shall use the component’s product supplier roots of trust to verity the authenticity of the firmware, software, and configuration data needed for component’s boot process prior to it being used in the boot process. | H83: IEC 62443-4-2 | I83: =FR3_SI!A153 -> NDR RE | J83: =FR3_SI!B153 -> 3.14.1 | K83: No | N83: =FR3_SI!J155 -> 2
A84: 101 | B84: =CONCATENATE(H84," - ",J84," ",I84) -> IEC 62443-4-2 - 4.2 CR | C84: =FR4_DC!D15 -> 0 | D84: =FR4_DC!K14 -> 0 | E84: =FR4_DC!D14 -> 0 | F84: =FR4_DC!C14 -> Components shall provide the capability to erase all information for which explicit read authorization is supported from components to be released from active service and/or decommissioned. | H84: IEC 62443-4-2 | I84: =FR4_DC!A13 -> CR | J84: =FR4_DC!B13 -> 4.2 | K84: No | N84: =FR4_DC!J15 -> 2
A85: 102 | B85: =CONCATENATE(H85," - ",J85," ",I85) -> IEC 62443-4-2 - 4.2.1 CR RE | C85: =FR4_DC!D18 -> 0 | D85: =FR4_DC!K17 -> 0 | E85: =FR4_DC!D17 -> 0 | F85: =FR4_DC!C17 -> Components shall provide the capability to protect against unauthorized and unintended information transfer via volatile shared memory resources. Volatile memory resources are those that generally do not retain information after being released to memory management. However, there are attacks against random access memory (RAM) which might extract key material or other confidential data before it is actually over-written. Therefore, when volatile shared memory is released back to the control system for use by a different user, all unique data and connections to unique data need to be purged from the resource so it is not visible or accessible to the new user. | H85: IEC 62443-4-2 | I85: =FR4_DC!A16 -> CR RE | J85: =FR4_DC!B16 -> 4.2.1 | K85: No | N85: =FR4_DC!J18 -> 3
A86: 103 | B86: =CONCATENATE(H86," - ",J86," ",I86) -> IEC 62443-4-2 - 4.2.2 CR RE | C86: =FR4_DC!D21 -> 0 | D86: =FR4_DC!K20 -> 0 | E86: =FR4_DC!D20 -> 0 | F86: =FR4_DC!C20 -> Components shall provide the capability to verify that the erasure of information occurred. | H86: IEC 62443-4-2 | I86: =FR4_DC!A19 -> CR RE | J86: =FR4_DC!B19 -> 4.2.2 | K86: No | N86: =FR4_DC!J21 -> 3
A87: 105 | B87: =CONCATENATE(H87," - ",J87," ",I87) -> IEC 62443-4-2 - 5.1 CR | C87: =FR5_RDF!D11 -> 0 | D87: =FR5_RDF!K10 -> 0 | E87: =FR5_RDF!D10 -> 0 | F87: =FR5_RDF!C10 -> Components shall support a segmented network to support zones and conduits as needed, to support the broader network architecture based on logical segmentation and criticality. | H87: IEC 62443-4-2 | I87: =FR5_RDF!A9 -> CR | J87: =FR5_RDF!B9 -> 5.1 | K87: No | N87: =FR5_RDF!J11 -> 1
A88: 106 | B88: =CONCATENATE(H88," - ",J88," ",I88) -> IEC 62443-4-2 - 5.2 NDR | C88: =FR5_RDF!D14 -> 0 | D88: =FR5_RDF!K13 -> 0 | E88: =FR5_RDF!D13 -> 0 | F88: =FR5_RDF!C13 -> A network device at a zone boundary shall provide the capability to monitor and control communications at zone boundaries to enforce the compartmentalization defined in the risk-based zones and conduits model. | H88: IEC 62443-4-2 | I88: =FR5_RDF!A12 -> NDR | J88: =FR5_RDF!B12 -> 5.2 | K88: No | N88: =FR5_RDF!J14 -> 1
A89: 107 | B89: =CONCATENATE(H89," - ",J89," ",I89) -> IEC 62443-4-2 - 5.2.1 NDR RE | C89: =FR5_RDF!D17 -> 0 | D89: =FR5_RDF!K16 -> 0 | E89: =FR5_RDF!D16 -> 0 | F89: =FR5_RDF!C16 -> The network component shall provide the capability to deny network traffic by default and allow network traffic by exception (also termed deny all, permit by exception). | H89: IEC 62443-4-2 | I89: =FR5_RDF!A15 -> NDR RE | J89: =FR5_RDF!B15 -> 5.2.1 | K89: No | N89: =FR5_RDF!J17 -> 2
A90: 108 | B90: =CONCATENATE(H90," - ",J90," ",I90) -> IEC 62443-4-2 - 5.2.2 NDR RE | C90: =FR5_RDF!D20 -> 0 | D90: =FR5_RDF!K19 -> 0 | E90: =FR5_RDF!D19 -> 0 | F90: =FR5_RDF!C19 -> The network component shall provide the capability to protect against any communication through the control system boundary (also termed island mode). NOTE 1 Examples of when this capability may be used include where a security violation and/or breach has been detected within the control system, or an attack is occurring at the enterprise level. | H90: IEC 62443-4-2 | I90: =FR5_RDF!A18 -> NDR RE | J90: =FR5_RDF!B18 -> 5.2.2 | K90: No | N90: =FR5_RDF!J20 -> 3
A91: 109 | B91: =CONCATENATE(H91," - ",J91," ",I91) -> IEC 62443-4-2 - 5.2.3 NDR RE | C91: =FR5_RDF!D23 -> 0 | D91: =FR5_RDF!K22 -> 0 | E91: =FR5_RDF!D22 -> 0 | F91: =FR5_RDF!C22 -> The network component shall provide the capability to protect against any communication through the control system boundary when there is an operational failure of the boundary protection mechanisms (also termed fail close). NOTE 2 Examples of when this capability may be used include scenarios where a hardware failure or power failure causes boundary protection devices to function in a degraded mode or fail entirely. | H91: IEC 62443-4-2 | I91: =FR5_RDF!A21 -> NDR RE | J91: =FR5_RDF!B21 -> 5.2.3 | K91: No | N91: =FR5_RDF!J23 -> 3
A92: 110 | B92: =CONCATENATE(H92," - ",J92," ",I92) -> IEC 62443-4-2 - 5.3 NDR | C92: =FR5_RDF!D26 -> 0 | D92: =FR5_RDF!K25 -> 0 | E92: =FR5_RDF!D25 -> 0 | F92: =FR5_RDF!C25 -> A network device at a zone boundary shall provide the capability to protect against general purpose, person-to-person messages from being received from users or systems external to the control system. | H92: IEC 62443-4-2 | I92: =FR5_RDF!A24 -> NDR | J92: =FR5_RDF!B24 -> 5.3 | K92: No | N92: =FR5_RDF!J26 -> 1
A93: 111 | B93: =CONCATENATE(H93," - ",J93," ",I93) -> IEC 62443-4-2 - 5.4 CR | C93: =FR5_RDF!D29 -> 0 | D93: =FR5_RDF!K28 -> 0 | E93: =FR5_RDF!D28 -> 0 | F93: =FR5_RDF!C28 -> There is no component level requirement associated with ISA‑62443‑3‑3 SR 5.4. | H93: IEC 62443-4-2 | I93: =FR5_RDF!A27 -> CR | J93: =FR5_RDF!B27 -> 5.4 | K93: No | N93: =FR5_RDF!J29 -> 0
A94: 112 | B94: =CONCATENATE(H94," - ",J94," ",I94) -> IEC 62443-4-2 - 6.1 CR | C94: =FR6_TRE!D11 -> 0 | D94: =FR6_TRE!K10 -> 0 | E94: =FR6_TRE!D10 -> 0 | F94: =FR6_TRE!C10 -> Components shall provide the capability for authorized humans and/or tools to access audit logs on a read-only basis. | H94: IEC 62443-4-2 | I94: =FR6_TRE!A9 -> CR | J94: =FR6_TRE!B9 -> 6.1 | K94: No | N94: =FR6_TRE!J11 -> 1
A95: 113 | B95: =CONCATENATE(H95," - ",J95," ",I95) -> IEC 62443-4-2 - 6.1.1 CR RE | C95: =FR6_TRE!D14 -> 0 | D95: =FR6_TRE!K13 -> 0 | E95: =FR6_TRE!D13 -> 0 | F95: =FR6_TRE!C13 -> Components shall provide programmatic access to audit records by either using an application programming interface (API) or sending the audit records to a centralized system. | H95: IEC 62443-4-2 | I95: =FR6_TRE!A12 -> CR RE | J95: =FR6_TRE!B12 -> 6.1.1 | K95: No | N95: =FR6_TRE!J14 -> 3
A96: 114 | B96: =CONCATENATE(H96," - ",J96," ",I96) -> IEC 62443-4-2 - 6.2 CR | C96: =FR6_TRE!D17 -> 0 | D96: =FR6_TRE!K16 -> 0 | E96: =FR6_TRE!D16 -> 0 | F96: =FR6_TRE!C16 -> Components shall provide the capability to be continuously monitored using commonly accepted security industry practices and recommendations to detect, characterize and report security breaches in a timely manner. | H96: IEC 62443-4-2 | I96: =FR6_TRE!A15 -> CR | J96: =FR6_TRE!B15 -> 6.2 | K96: No | N96: =FR6_TRE!J17 -> 2
A97: 116 | B97: =CONCATENATE(H97," - ",J97," ",I97) -> IEC 62443-4-2 - 7.1.1 CR RE | C97: =FR7_RA!D14 -> 0 | D97: =FR7_RA!K13 -> 0 | E97: =FR7_RA!D13 -> 0 | F97: =FR7_RA!C13 -> Components shall provide the capability to mitigate the effects of information and/or message flooding types of DoS events. | H97: IEC 62443-4-2 | I97: =FR7_RA!A12 -> CR RE | J97: =FR7_RA!B12 -> 7.1.1 | K97: No | N97: =FR7_RA!J14 -> 2
A98: 117 | B98: =CONCATENATE(H98," - ",J98," ",I98) -> IEC 62443-4-2 - 7.2 CR | C98: =FR7_RA!D17 -> 0 | D98: =FR7_RA!K16 -> 0 | E98: =FR7_RA!D16 -> 0 | F98: =FR7_RA!C16 -> Components shall provide the capability to limit the use of resources by security functions to protect against resource exhaustion. | H98: IEC 62443-4-2 | I98: =FR7_RA!A15 -> CR | J98: =FR7_RA!B15 -> 7.2 | K98: No | N98: =FR7_RA!J17 -> 1
A99: 118 | B99: =CONCATENATE(H99," - ",J99," ",I99) -> IEC 62443-4-2 - 7.3 CR | C99: =FR7_RA!D20 -> 0 | D99: =FR7_RA!K19 -> 0 | E99: =FR7_RA!D19 -> 0 | F99: =FR7_RA!C19 -> Components shall provide the capability to participate in system level backup operations in order to safeguard the component state (user- and system-level information). The backup process shall not affect the normal component operations. | H99: IEC 62443-4-2 | I99: =FR7_RA!A18 -> CR | J99: =FR7_RA!B18 -> 7.3 | K99: No | N99: =FR7_RA!J20 -> 1
A100: 119 | B100: =CONCATENATE(H100," - ",J100," ",I100) -> IEC 62443-4-2 - 7.3.1 CR RE | C100: =FR7_RA!D23 -> 0 | D100: =FR7_RA!K22 -> 0 | E100: =FR7_RA!D22 -> 0 | F100: =FR7_RA!C22 -> Components shall provide the capability to validate the integrity of backed up information prior to the initiation of a restore of that information. | H100: IEC 62443-4-2 | I100: =FR7_RA!A21 -> CR RE | J100: =FR7_RA!B21 -> 7.3.1 | K100: No | N100: =FR7_RA!J23 -> 2
...

Sheet Compliance Assessment
A1: Category | B1: ID | C1: Requirement | D1: Rationale | E1: ABB Guidance | F1: Product Team's Argument/Evidence | G1: Assessor's Comments | H1: Action | I1: Assessor's rating | J1: ABB Scope | K1: Assessment interval | L1: Sequence Number | M1: MCSR 1.0 Mapping
A2: SM | B2: 3 | C2: Identification of applicability A process shall be employed for identifying products (or parts of products) to which this document applies. | D2: This process is required to ensure that the processes in scope as part of this document are applied to the appropriate products as needed and that the correct level of detail is applied. Having this process means that the product supplier has criteria for identifying which of its products are to be developed, maintained and supported using the processes required by this document. It is envisioned that a product supplier may apply this specification to selected products based on a number of factors, including the marketplace for which a product is intended and whether or not the product requires security to be built into the product and fully evaluated. As an example, certain products or components may not have a security context or provide anonymous access and therefore may not require security to be built into the product. An organization may also base the criteria on the particular features being developed to enhance a product for target markets as long as the common features for all markets remain subject to this standard. Organizations may also use criteria such as applicable security requirements or security risk. These requirements may be applied to externally provided components or custom developed components from third party suppliers. See 5.11 and 5.12 for more details. | E2: Verify that a process for identifying which products (or parts or products) the security development life cycle applies. Do some sample auditing to confirm that the process is being used on the products identified by this process. | J2: + IEC 62443-4-1 | K2: Periodic
A3: SM | B3: 2 | C3: Identification of responsibilities A process shall be employed that identifies the organizational roles and personnel responsible for each of the processes required by this document. | D3: This process is required to ensure that responsibilities are assigned to elements of the product supplier's organization for performing and completing the processes required by this document. Having this process means that the product supplier's development, maintenance and product support processes required by this document each identify the organizational roles and personnel that are responsible for performing and completing them. The organization and personnel can be within the developer’s organization or external to it. NOTE A responsible, accountable, consulted and informed (RACI) matrix is an example of a tool that could be used to meet this requirement. | E3: Product development team to provide: - Roles & responsibilities document of project team under assessment as per ELSP MP 028 R&D QMS process (RID#06). For external certification: - Document evidence for Organization chart (under audit) & project team - Document evidence for Project team member's competency assessment. | J3: +IEC 62443-4-1 | K3: Periodic
A4: SR | B4: 1 | C4: Product security context A process shall be employed to ensure that the intended product security context is documented. | D4: This process is required to ensure that the minimum requirements of the environment and the assumptions about that environment are documented in order to achieve the security level for which the product was designed. The purpose of defining this information is so that both the developers of the product and the product users have the same understanding about how the product is intended to be used. This will help the developers make appropriate design decisions and the users to use the product as it was intended. Security context could include: a) location in the network; b) physical or cyber security provided by the environment where the product will be deployed; c) isolation (from a network perspective); and d) if known, potential impact to the environment (for example, loss of life, injury, loss of production, etc.). For example, it is important to document whether physical security is required. If no physical security is expected to be present, then that may add a number of related requirements such as not allowing pushbutton configuration on the product. Another example is if the product is expected to be protected by a user supplied firewall that connects it to the plant network, the product would typically not require a firewall of its own. Documenting these external security features for the product (its security context) allows developers to design a defense in depth strategy that complements this security context and testers to validate and verify the security of a product in an environment similar to how it should be deployed. Having this process means that the deployment environment in which the product is intended to be used is correctly represented in all processes involved in the development and testing of this product and are documented. | E4: Security Requirements must include the description of the operating environment for any product developed by the team | J4: M | K4: Release
A5: SD | B5: 2 | C5: Defense in depth design A process shall be employed to implement multiple layers of defense using a risk based approach based on the threat model. This process shall be employed for assigning responsibilities to each layer of defense. NOTE 1 Each layer provides additional defense mechanisms. NOTE 2 It is possible for any layer to be compromised; therefore, secure design principles (see 7.2) are applied to each layer. NOTE 3 The objective is to reduce the attack surface of the subsequent layers. | D5: For example, the TCP/IP stack could check for invalid packets, an HTTP server could authenticate input and then another layer could validate that the input and audit logs are produced for administrative changes. Each layer provides an additional defense mechanism, has a responsibility and provides attack surface reduction for the next layer. Each layer assumes that the layer in front of it can be compromised. | E5: Defense in depth concept must be included as part of the design process or design guidelines. Verify that a design methodology to determine which layers of defence are required is included in the process or required on a per project basis. | J5: =MIN(M5:M5) -> 0
A6: SG | B6: 1.a | C6: Product defense in depth A process shall exist to create product user documentation that describes the security defense in depth strategy for the product to support installation, operation and maintenance that includes: a) security capabilities implemented by the product and their role in the defense in depth strategy. | D6: This process is required to ensure that documentation for the defense in depth strategy is produced to support hardening of the product at the customer site. Such documentation is required by IEC 62443-2-4, that defines security requirements for IACS installation and maintenance service providers. Having this process means that the product supplier documents various aspects of the defense in depth strategy necessary to harden the product during installation and keep it hardened during its lifetime of use. Aspects of the defense in depth strategy to be documented include the residual threats that are expected to be present and capable of attacking the product, the security capabilities of the product to safeguard it against these threats and any compensating security controls/mitigations that can be used with the product to further protect the product. | E6: End-user documentation (ie technical catalogue, manual…) shall include security capabilities of the product. | J6: M | K6: Release | L6: 82 | M6: MP-7.3, MP-9.2, MP-9.3, MP-12.1
A7: SG | B7: 1.b | C7: Product defense in depth A process shall exist to create product user documentation that describes the security defense in depth strategy for the product to support installation, operation and maintenance that includes: b) threats addressed by the defense in depth strategy | D7: This process is required to ensure that documentation for the defense in depth strategy is produced to support hardening of the product at the customer site. Such documentation is required by IEC 62443-2-4, that defines security requirements for IACS installation and maintenance service providers. Having this process means that the product supplier documents various aspects of the defense in depth strategy necessary to harden the product during installation and keep it hardened during its lifetime of use. Aspects of the defense in depth strategy to be documented include the residual threats that are expected to be present and capable of attacking the product, the security capabilities of the product to safeguard it against these threats and any compensating security controls/mitigations that can be used with the product to further protect the product. | E7: End-user documentation (ie technical catalogue, manual…) or in deployment guidelines document shall include threats addressed by the defence in depth strategy. | J7: M | K7: Release | L7: 83 | M7: MP-7.3, MP-9.2, MP-9.3, MP-12.1
A8: SG | B8: 1.c | C8: Product defense in depth A process shall exist to create product user documentation that describes the security defense in depth strategy for the product to support installation, operation and maintenance that includes: c) product user mitigation strategies for known security risks associated with the product, including risks associated with legacy code. | D8: This process is required to ensure that documentation for the defense in depth strategy is produced to support hardening of the product at the customer site. Such documentation is required by IEC 62443-2-4, that defines security requirements for IACS installation and maintenance service providers. Having this process means that the product supplier documents various aspects of the defense in depth strategy necessary to harden the product during installation and keep it hardened during its lifetime of use. Aspects of the defense in depth strategy to be documented include the residual threats that are expected to be present and capable of attacking the product, the security capabilities of the product to safeguard it against these threats and any compensating security controls/mitigations that can be used with the product to further protect the product. | E8: End-user documentation (ie technical catalogue, manual…) or deployment guidelines document shall include known security risks. Mitigations to these risks shall be included as well. If no known security risks are documented, then none were identified during threat modeling, attack surface reduction or security design reviews. | J8: M | K8: Release | L8: 84 | M8: MP-7.3, MP-9.2, MP-9.3, MP-12.1
A9: ABB | B9: ABB-SDLC-10 | C9: Legal Disclaimer A process shall be employed to create product user documentation that includes ABB legal disclaimer regarding cyber security. | E9: End-user documentation (ie technical catalogue, manual…) shall include legal disclaimers regarding cyber security as defined in 9ADB006607 | J9: M | K9: Release | L9: 85 | M9: MP-7.4
A10: SG | B10: 2 | C10: Defense in depth measures expected in the environment A process shall be employed to create product user documentation that describes the security defense in depth measures expected to be provided by the external environment in which the product is to be used (see Clause 6). NOTE These measures can also come from 10.5. | D10: This process is required to ensure that documentation for the defense in depth strategy is produced to support hardening of the product at the customer site. Such documentation is required by IEC 62443-2-4, that defines security requirements for IACS installation and maintenance service providers. Having this process means that the product supplier ocuments various aspects of the defense in depth strategy necessary to harden the product during installation and keep it hardened during its lifetime of use. | E10: End-user documentation (manual, catalogue…) must describe environmental requirements that must be satisfied by the user | J10: M | K10: Release | L10: 86 | M10: MP-7.3, MP-12.1
A11: SG | B11: 3.a | C11: Security hardening guidelines A process shall be employed to create product user documentation that includes guidelines for hardening the product when installing and maintaining the product. The guidelines shall include, but are not limited to, instructions, rationale and recommendations for the following: a) integration of the product, including third-party components, with its product security context (see Clause 6) | D11: This process is required to ensure that instructions that describe how to harden the product and keep it hardened are documented. Such documentation is required by IEC 62443-2-4 that defines security requirements for IACS installation and maintenance service providers. Having this process means that the product supplier creates user documentation that provides directions for hardening the product during installation and for keeping it hardened during the lifetime of the product use. This requirement recognizes that the security policies and requirements for customer sites are often different, and as a result, instructions for securely integrating the product into the customer site, configuring it appropriately and maintaining its security are necessary. | E11: End-user documentation (manual, catalogue…) must describe hardening guidelines, instructions and recommendations. that should be adhered to when installing the product or system | J11: M | K11: Release | L11: 87 | M11: MP-4.4, MP-7.2, MP-15.3
A12: SG | B12: 3.b | C12: Security hardening guidelines A process shall be employed to create product user documentation that includes guidelines for hardening the product when installing and maintaining the product. The guidelines shall include, but are not limited to, instructions, rationale and recommendations for the following: b) integration of the product’s application programming interfaces/protocols with user applications; | D12: This process is required to ensure that instructions that describe how to harden the product and keep it hardened are documented. Such documentation is required by IEC 62443-2-4 that defines security requirements for IACS installation and maintenance service providers. Having this process means that the product supplier creates user documentation that provides directions for hardening the product during installation and for keeping it hardened during the lifetime of the product use. This requirement recognizes that the security policies and requirements for customer sites are often different, and as a result, instructions for securely integrating the product into the customer site, configuring it appropriately and maintaining its security are necessary. | E12: If the product contains an API or a set of classes or objects that developers can use, then instructions, rationale, and recommendations for integrating user applications securely with the API shall be provided in the end-user documentation. | J12: M | K12: Release | L12: 88 | M12: MP-4.4, MP-7.2, MP-15.4
